<?xml version="1.0" encoding="UTF-8"?>
<gbm:tcga_bcr xsi:schemaLocation="http://tcga.nci/bcr/xml/clinical/gbm/2.7 https://raw.githubusercontent.com/nchbcr/xsd/2.7/tcga.nci/bcr/xml/clinical/gbm/2.7/TCGA_BCR.GBM_Clinical.xsd" schemaVersion="2.7" xmlns:gbm="http://tcga.nci/bcr/xml/clinical/gbm/2.7" xmlns:xsi="http://www.w3.org/2001/XMLSchema-instance" xmlns:admin="http://tcga.nci/bcr/xml/administration/2.7" xmlns:clin_shared="http://tcga.nci/bcr/xml/clinical/shared/2.7" xmlns:shared="http://tcga.nci/bcr/xml/shared/2.7" xmlns:gbm_nte="http://tcga.nci/bcr/xml/clinical/gbm/shared/new_tumor_event/2.7/1.0" xmlns:nte="http://tcga.nci/bcr/xml/clinical/shared/new_tumor_event/2.7" xmlns:rx="http://tcga.nci/bcr/xml/clinical/pharmaceutical/2.7" xmlns:rad="http://tcga.nci/bcr/xml/clinical/radiation/2.7" xmlns:follow_up_v1.0="http://tcga.nci/bcr/xml/clinical/gbm/followup/2.7/1.0">
    <admin:admin>
        <admin:bcr xsd_ver="1.17">Nationwide Children's Hospital</admin:bcr>
        <admin:file_uuid xsd_ver="2.6">0AF1109C-FF45-48E6-A0D6-C5699D59416E</admin:file_uuid>
        <admin:batch_number xsd_ver="1.17">26.75.0</admin:batch_number>
        <admin:project_code xsd_ver="2.7">TCGA</admin:project_code>
        <admin:disease_code xsd_ver="2.6">GBM</admin:disease_code>
        <admin:day_of_dcc_upload xsd_ver="1.17">22</admin:day_of_dcc_upload>
        <admin:month_of_dcc_upload xsd_ver="1.17">12</admin:month_of_dcc_upload>
        <admin:year_of_dcc_upload xsd_ver="1.17">2016</admin:year_of_dcc_upload>
        <admin:patient_withdrawal>
            <admin:withdrawn>false</admin:withdrawn>
        </admin:patient_withdrawal>
        <admin:program xsi:nil="true" xsd_ver="2.7"/>
        <admin:dbgap_registration_code xsi:nil="true" xsd_ver="2.7"/>
    </admin:admin>
    <gbm:patient>
        <admin:additional_studies/>
        <clin_shared:tumor_tissue_site preferred_name="submitted_tumor_site" display_order="9999" cde="3427536" cde_ver="2.000" xsd_ver="2.6" tier="2" owner="TSS" procurement_status="Completed" restricted="false" source_system_identifier="1717061">Brain</clin_shared:tumor_tissue_site>
        <shared:histological_type preferred_name="histologic_diagnosis" display_order="8" cde="3081934" cde_ver="3.000" xsd_ver="2.5" tier="2" owner="TSS" procurement_status="Completed" restricted="false" source_system_identifier="1717060">Untreated primary (de novo) GBM</shared:histological_type>
        <gbm:prior_glioma preferred_name="history_lgg_dx_of_brain_tissue" display_order="6" cde="2786111" cde_ver="1.000" xsd_ver="1.9" tier="1" owner="TSS" procurement_status="Completed" restricted="false" source_system_identifier="1717055">NO</gbm:prior_glioma>
        <shared:gender preferred_name="gender" display_order="9" cde="2200604" cde_ver="3.000" xsd_ver="1.8" tier="1" owner="TSS" procurement_status="Completed" restricted="false" source_system_identifier="1717056">FEMALE</shared:gender>
        <clin_shared:vital_status preferred_name="vital_status" display_order="23" cde="5" cde_ver="5.000" xsd_ver="2.6" tier="2" owner="TSS" procurement_status="Completed" restricted="false" source_system_identifier="1717065">Dead</clin_shared:vital_status>
        <clin_shared:days_to_birth precision="day" xsd_ver="1.12" tier="1" cde="3008233" owner="TSS" procurement_status="Completed" preferred_name="birth_days_to" display_order="13" cde_ver="1.000">-28977</clin_shared:days_to_birth>
        <clin_shared:days_to_death precision="day" xsd_ver="1.12" tier="1" cde="3165475" owner="TSS" procurement_status="Completed" preferred_name="death_days_to" display_order="31" cde_ver="1.000">87</clin_shared:days_to_death>
        <clin_shared:days_to_last_followup precision="day" xsd_ver="1.12" tier="1" cde="3008273" owner="TSS" procurement_status="Completed" preferred_name="last_contact_days_to" display_order="27" cde_ver="1.000">87</clin_shared:days_to_last_followup>
        <clin_shared:race_list>
            <clin_shared:race preferred_name="race" display_order="14" cde="2192199" cde_ver="1.000" xsd_ver="1.8" tier="2" owner="TSS" procurement_status="Completed" restricted="false" source_system_identifier="1717066">WHITE</clin_shared:race>
        </clin_shared:race_list>
        <shared:bcr_patient_barcode preferred_name="" display_order="9999" cde="2003301" cde_ver="" xsd_ver="1.8" owner="TSS" procurement_status="Completed" restricted="false">TCGA-27-2526</shared:bcr_patient_barcode>
        <shared:tissue_source_site cde="" cde_ver="" xsd_ver="2.4" owner="TSS" procurement_status="Completed" restricted="false">27</shared:tissue_source_site>
        <shared:patient_id cde="" cde_ver="" xsd_ver="2.4" owner="TSS" procurement_status="Completed" restricted="false">2526</shared:patient_id>
        <shared:bcr_patient_uuid preferred_name="" display_order="9999" cde="" cde_ver="" xsd_ver="2.3" owner="TSS" procurement_status="Completed" restricted="false">69d0a566-5fbf-45f6-a240-649b06868e27</shared:bcr_patient_uuid>
        <clin_shared:informed_consent_verified preferred_name="patient_consent_status" display_order="68" cde="3288361" cde_ver="1.000" xsd_ver="2.4" tier="1" owner="TSS" procurement_status="Completed" restricted="false">YES</clin_shared:informed_consent_verified>
        <clin_shared:icd_o_3_site preferred_name="" display_order="9999" cde="3226281" cde_ver="" xsd_ver="2.4" tier="2" owner="TSS" procurement_status="Completed" restricted="false">C71.9</clin_shared:icd_o_3_site>
        <clin_shared:icd_o_3_histology preferred_name="" display_order="9999" cde="3226275" cde_ver="" xsd_ver="2.4" tier="2" owner="TSS" procurement_status="Completed" restricted="false">9440/3</clin_shared:icd_o_3_histology>
        <clin_shared:icd_10 preferred_name="" display_order="9999" cde="3226287" cde_ver="" xsd_ver="2.4" tier="2" owner="TSS" procurement_status="Completed" restricted="false">C71.9</clin_shared:icd_10>
        <clin_shared:tissue_prospective_collection_indicator preferred_name="prospective_collection" display_order="7" cde="3088492" cde_ver="1.000" xsd_ver="2.3" tier="2" owner="TSS" procurement_status="Not Available" restricted="false"/>
        <clin_shared:tissue_retrospective_collection_indicator preferred_name="retrospective_collection" display_order="8" cde="3088528" cde_ver="1.000" xsd_ver="2.3" tier="2" owner="TSS" procurement_status="Not Available" restricted="false"/>
        <clin_shared:days_to_initial_pathologic_diagnosis precision="day" xsd_ver="1.12" tier="1" cde="3131740" owner="TSS" procurement_status="Completed" preferred_name="initial_pathologic_dx_days_to" display_order="9999" cde_ver="1.000">0</clin_shared:days_to_initial_pathologic_diagnosis>
        <clin_shared:age_at_initial_pathologic_diagnosis precision="day" xsd_ver="1.12" tier="1" cde="2006657" owner="TSS" procurement_status="Completed">79</clin_shared:age_at_initial_pathologic_diagnosis>
        <clin_shared:year_of_initial_pathologic_diagnosis preferred_name="initial_pathologic_dx_year" display_order="20" cde="2896960" cde_ver="1.000" xsd_ver="1.12" tier="1" owner="TSS" procurement_status="Completed" restricted="false" source_system_identifier="1717068">2007</clin_shared:year_of_initial_pathologic_diagnosis>
        <clin_shared:person_neoplasm_cancer_status preferred_name="tumor_status" display_order="32" cde="2759550" cde_ver="1.000" xsd_ver="1.9" tier="2" owner="TSS" procurement_status="Completed" restricted="false" source_system_identifier="1717053">WITH TUMOR</clin_shared:person_neoplasm_cancer_status>
        <clin_shared:day_of_form_completion preferred_name="form_completion_day" display_order="999" cde="2975716" cde_ver="1.000" xsd_ver="2.2" tier="2" owner="TSS" procurement_status="Completed" restricted="false" source_system_identifier="1717058">15</clin_shared:day_of_form_completion>
        <clin_shared:month_of_form_completion preferred_name="form_completion_month" display_order="999" cde="2975718" cde_ver="1.000" xsd_ver="2.2" tier="2" owner="TSS" procurement_status="Completed" restricted="false" source_system_identifier="1717047">3</clin_shared:month_of_form_completion>
        <clin_shared:year_of_form_completion preferred_name="form_completion_year" display_order="999" cde="2975720" cde_ver="1.000" xsd_ver="2.2" tier="2" owner="TSS" procurement_status="Completed" restricted="false" source_system_identifier="1717076">2010</clin_shared:year_of_form_completion>
        <clin_shared:ethnicity preferred_name="ethnicity" display_order="15" cde="2192217" cde_ver="2.000" xsd_ver="1.9" tier="2" owner="TSS" procurement_status="Completed" restricted="false" source_system_identifier="1717057">NOT HISPANIC OR LATINO</clin_shared:ethnicity>
        <shared:other_dx preferred_name="history_other_malignancy" display_order="16" cde="3382736" cde_ver="2.000" xsd_ver="2.5" tier="1" owner="TSS" procurement_status="Not Available" restricted="false"/>
        <shared:history_of_neoadjuvant_treatment preferred_name="history_neoadjuvant_treatment" display_order="17" cde="3382737" cde_ver="1.000" xsd_ver="2.4" tier="1" owner="TSS" procurement_status="Completed" restricted="false" source_system_identifier="1717073">No</shared:history_of_neoadjuvant_treatment>
        <clin_shared:initial_pathologic_diagnosis_method preferred_name="method_initial_path_dx" display_order="21" cde="2757941" cde_ver="1.000" xsd_ver="2.5" tier="2" owner="TSS" procurement_status="Completed" restricted="false" source_system_identifier="1717062">Tumor resection</clin_shared:initial_pathologic_diagnosis_method>
        <clin_shared:init_pathology_dx_method_other preferred_name="method_initial_path_dx_other" display_order="22" cde="2757948" cde_ver="1.000" xsd_ver="2.5" tier="2" owner="TSS" procurement_status="Not Applicable" restricted="false" source_system_identifier="1717052" xsi:nil="true"/>
        <clin_shared:anatomic_neoplasm_subdivision preferred_name="anatomic_organ_subdivision" display_order="9999" cde="3108203" cde_ver="2.000" xsd_ver="2.6" tier="2" owner="TSS" procurement_status="Not Available" restricted="false"/>
        <clin_shared:radiation_therapy preferred_name="radiation_treatment_adjuvant" display_order="36" cde="2005312" cde_ver="4.000" xsd_ver="1.9" tier="1" owner="TSS" procurement_status="Not Available" restricted="false"/>
        <clin_shared:postoperative_rx_tx preferred_name="pharmaceutical_tx_adjuvant" display_order="40" cde="3397567" cde_ver="1.000" xsd_ver="2.5" tier="2" owner="TSS" procurement_status="Not Available" restricted="false"/>
        <clin_shared:primary_therapy_outcome_success preferred_name="treatment_outcome_first_course" display_order="41" cde="2786727" cde_ver="3.000" xsd_ver="2.5" tier="2" owner="TSS" procurement_status="Not Available" restricted="false"/>
        <clin_shared:karnofsky_performance_score preferred_name="karnofsky_score" display_order="33" cde="2003853" cde_ver="4.200" xsd_ver="1.8" tier="2" owner="TSS" procurement_status="Completed" restricted="false" source_system_identifier="1717072">40</clin_shared:karnofsky_performance_score>
        <clin_shared:eastern_cancer_oncology_group preferred_name="ecog_score" display_order="34" cde="88" cde_ver="5.100" xsd_ver="1.9" tier="2" owner="TSS" procurement_status="Completed" restricted="false" source_system_identifier="1717051">3</clin_shared:eastern_cancer_oncology_group>
        <clin_shared:performance_status_scale_timing preferred_name="performance_status_timing" display_order="35" cde="2792763" cde_ver="1.000" xsd_ver="1.9" tier="2" owner="TSS" procurement_status="Completed" restricted="false" source_system_identifier="1717064">Preoperative</clin_shared:performance_status_scale_timing>
        <gbm_nte:new_tumor_events>
            <nte:new_tumor_event_after_initial_treatment preferred_name="new_tumor_event_dx_indicator" display_order="52" cde="3121376" cde_ver="1.000" xsd_ver="2.5" tier="1" owner="TSS" procurement_status="Not Available" restricted="false"/>
        </gbm_nte:new_tumor_events>
        <rx:drugs>
            <rx:drug>
                <rx:tx_on_clinical_trial preferred_name="" display_order="9999" cde="3925111" cde_ver="" xsd_ver="2.5" tier="2" owner="TSS" procurement_status="Not Available" restricted="false"/>
                <rx:regimen_number preferred_name="" display_order="9999" cde="2744948" cde_ver="" xsd_ver="2.1" tier="2" owner="TSS" procurement_status="Not Available" restricted="false"/>
                <rx:bcr_drug_barcode xsd_ver="1.15" owner="TSS" procurement_status="Completed" restricted="false">TCGA-27-2526-D27022</rx:bcr_drug_barcode>
                <rx:bcr_drug_uuid preferred_name="" display_order="9999" cde="" cde_ver="" xsd_ver="2.3" owner="TSS" procurement_status="Completed" restricted="false">ad2c9dad-a0d6-482d-b9da-828ecc9f0f02</rx:bcr_drug_uuid>
                <rx:total_dose preferred_name="total_dose" display_order="999" cde="1515" cde_ver="4.000" xsd_ver="2.1" tier="2" owner="TSS" procurement_status="Completed" restricted="false" source_system_identifier="1717137">744</rx:total_dose>
                <rx:total_dose_units preferred_name="pharmaceutical_tx_total_dose_units" display_order="999" cde="3088785" cde_ver="1.000" xsd_ver="2.1" tier="2" owner="TSS" procurement_status="Completed" restricted="false" source_system_identifier="1717118">mg</rx:total_dose_units>
                <rx:prescribed_dose preferred_name="prescribed_dose" display_order="999" cde="2184728" cde_ver="1.000" xsd_ver="2.1" tier="2" owner="TSS" procurement_status="Completed" restricted="false" source_system_identifier="1717135">8</rx:prescribed_dose>
                <rx:prescribed_dose_units preferred_name="pharmaceutical_tx_dose_units" display_order="999" cde="3065815" cde_ver="1.000" xsd_ver="2.1" tier="2" owner="TSS" procurement_status="Completed" restricted="false" source_system_identifier="1717130">mg</rx:prescribed_dose_units>
                <rx:number_cycles preferred_name="pharma_adjuvant_cycles_count" display_order="999" cde="62590" cde_ver="3.000" xsd_ver="1.8" tier="2" owner="TSS" procurement_status="Not Available" restricted="false"/>
                <rx:days_to_drug_therapy_start precision="day" xsd_ver="1.12" tier="2" cde="3392465" owner="TSS" procurement_status="Completed" preferred_name="pharmaceutical_tx_started_days_to" display_order="26" cde_ver="1.000">-6</rx:days_to_drug_therapy_start>
                <rx:days_to_drug_therapy_end precision="day" xsd_ver="1.12" tier="2" cde="3392470" owner="TSS" procurement_status="Completed" preferred_name="pharmaceutical_tx_ended_days_to" display_order="16" cde_ver="1.000">87</rx:days_to_drug_therapy_end>
                <rx:therapy_types>
                    <rx:therapy_type preferred_name="pharmaceutical_therapy_type" display_order="7" cde="2793530" cde_ver="1.000" xsd_ver="2.1" tier="2" owner="TSS" procurement_status="Completed" restricted="false" source_system_identifier="1717138">Hormone Therapy</rx:therapy_type>
                    <rx:therapy_type_notes preferred_name="pharma_type_other" display_order="999" cde="2001762" cde_ver="4.000" xsd_ver="2.1" tier="2" owner="TSS" procurement_status="Not Available" restricted="false"/>
                </rx:therapy_types>
                <rx:drug_name preferred_name="pharmaceutical_therapy_drug_name" display_order="22" cde="2975232" cde_ver="1.000" xsd_ver="1.10" tier="1" owner="TSS" procurement_status="Completed" restricted="false" source_system_identifier="1717128">Dexamethasone</rx:drug_name>
                <rx:clinical_trail_drug_classification preferred_name="clinical_trial_drug_classification" display_order="6" cde="3378323" cde_ver="1.000" xsd_ver="2.5" tier="2" owner="TSS" procurement_status="Not Available" restricted="false"/>
                <clin_shared:regimen_indication preferred_name="therapy_regimen" display_order="999" cde="2793511" cde_ver="1.000" xsd_ver="1.12" tier="2" owner="TSS" procurement_status="Completed" restricted="false" source_system_identifier="1717132">ADJUVANT</clin_shared:regimen_indication>
                <clin_shared:regimen_indication_notes preferred_name="therapy_regimen_other" display_order="999" cde="2793516" cde_ver="1.000" xsd_ver="1.12" tier="2" owner="TSS" procurement_status="Not Applicable" restricted="false" source_system_identifier="1717131"/>
                <rx:route_of_administrations>
                    <rx:route_of_administration preferred_name="route_of_administration" display_order="999" cde="2003586" cde_ver="6.000" xsd_ver="2.3" tier="2" owner="TSS" procurement_status="Completed" restricted="false" source_system_identifier="1717124">Other (specify below)</rx:route_of_administration>
                </rx:route_of_administrations>
                <rx:therapy_ongoing preferred_name="pharmaceutical_tx_ongoing_indicator" display_order="12" cde="3103479" cde_ver="1.000" xsd_ver="2.2" tier="2" owner="TSS" procurement_status="Completed" restricted="false" source_system_identifier="1717121">NO</rx:therapy_ongoing>
                <clin_shared:measure_of_response preferred_name="treatment_best_response" display_order="17" cde="2857291" cde_ver="1.000" xsd_ver="2.5" tier="2" owner="TSS" procurement_status="Not Available" restricted="false"/>
                <clin_shared:day_of_form_completion preferred_name="form_completion_day" display_order="999" cde="2975716" cde_ver="1.000" xsd_ver="2.2" tier="2" owner="TSS" procurement_status="Completed" restricted="false" source_system_identifier="1717126">15</clin_shared:day_of_form_completion>
                <clin_shared:month_of_form_completion preferred_name="form_completion_month" display_order="999" cde="2975718" cde_ver="1.000" xsd_ver="2.2" tier="2" owner="TSS" procurement_status="Completed" restricted="false" source_system_identifier="1717134">3</clin_shared:month_of_form_completion>
                <clin_shared:year_of_form_completion preferred_name="form_completion_year" display_order="999" cde="2975720" cde_ver="1.000" xsd_ver="2.2" tier="2" owner="TSS" procurement_status="Completed" restricted="false" source_system_identifier="1717119">2010</clin_shared:year_of_form_completion>
            </rx:drug>
        </rx:drugs>
        <rad:radiations/>
        <gbm:follow_ups>
            <follow_up_v1.0:follow_up version="1.0" sequence="1">
                <clin_shared:bcr_followup_barcode preferred_name="" display_order="9999" cde="" cde_ver="" xsd_ver="2.5" owner="TSS" procurement_status="Completed" restricted="false">TCGA-27-2526-F27021</clin_shared:bcr_followup_barcode>
                <clin_shared:bcr_followup_uuid preferred_name="" display_order="9999" cde="" cde_ver="" xsd_ver="2.5" owner="TSS" procurement_status="Completed" restricted="false">e61bcdee-441a-4bcb-b8a8-f2d488b10491</clin_shared:bcr_followup_uuid>
                <clin_shared:lost_follow_up preferred_name="followup_lost_to" display_order="5" cde="61333" cde_ver="3.000" xsd_ver="2.5" tier="1" owner="TSS" procurement_status="Not Available" restricted="false"/>
                <clin_shared:radiation_therapy preferred_name="radiation_treatment_adjuvant" display_order="36" cde="2005312" cde_ver="4.000" xsd_ver="1.9" tier="1" owner="TSS" procurement_status="Completed" restricted="false" source_system_identifier="1717109">NO</clin_shared:radiation_therapy>
                <clin_shared:postoperative_rx_tx preferred_name="pharmaceutical_tx_adjuvant" display_order="40" cde="3397567" cde_ver="1.000" xsd_ver="2.5" tier="2" owner="TSS" procurement_status="Completed" restricted="false">YES</clin_shared:postoperative_rx_tx>
                <clin_shared:primary_therapy_outcome_success preferred_name="treatment_outcome_first_course" display_order="41" cde="2786727" cde_ver="3.000" xsd_ver="2.5" tier="2" owner="TSS" procurement_status="Not Available" restricted="false"/>
                <clin_shared:followup_treatment_success preferred_name="treatment_outcome_at_tcga_followup" display_order="52" cde="3104050" cde_ver="2.000" xsd_ver="2.5" tier="2" owner="TSS" procurement_status="Not Available" restricted="false"/>
                <clin_shared:vital_status preferred_name="vital_status" display_order="23" cde="5" cde_ver="5.000" xsd_ver="2.6" tier="2" owner="TSS" procurement_status="Completed" restricted="false" source_system_identifier="1717106">Dead</clin_shared:vital_status>
                <clin_shared:days_to_last_followup precision="day" xsd_ver="1.12" tier="1" cde="3008273" owner="TSS" procurement_status="Completed" preferred_name="last_contact_days_to" display_order="27" cde_ver="1.000">87</clin_shared:days_to_last_followup>
                <clin_shared:days_to_death precision="day" xsd_ver="1.12" tier="1" cde="3165475" owner="TSS" procurement_status="Completed" preferred_name="death_days_to" display_order="31" cde_ver="1.000">87</clin_shared:days_to_death>
                <clin_shared:person_neoplasm_cancer_status preferred_name="tumor_status" display_order="32" cde="2759550" cde_ver="1.000" xsd_ver="1.9" tier="2" owner="TSS" procurement_status="Completed" restricted="false" source_system_identifier="1717083">WITH TUMOR</clin_shared:person_neoplasm_cancer_status>
                <clin_shared:followup_case_report_form_submission_reason preferred_name="followup_reason" display_order="4" cde="3233305" cde_ver="1.000" xsd_ver="2.5" tier="2" owner="TSS" procurement_status="Not Available" restricted="false"/>
                <clin_shared:karnofsky_performance_score preferred_name="karnofsky_score" display_order="33" cde="2003853" cde_ver="4.200" xsd_ver="1.8" tier="2" owner="TSS" procurement_status="Completed" restricted="false" source_system_identifier="1717093">40</clin_shared:karnofsky_performance_score>
                <clin_shared:eastern_cancer_oncology_group preferred_name="ecog_score" display_order="34" cde="88" cde_ver="5.100" xsd_ver="1.9" tier="2" owner="TSS" procurement_status="Completed" restricted="false" source_system_identifier="1717080">3</clin_shared:eastern_cancer_oncology_group>
                <clin_shared:performance_status_scale_timing preferred_name="performance_status_timing" display_order="35" cde="2792763" cde_ver="1.000" xsd_ver="1.9" tier="2" owner="TSS" procurement_status="Completed" restricted="false" source_system_identifier="1717108">Preoperative</clin_shared:performance_status_scale_timing>
                <gbm_nte:new_tumor_events>
                    <nte:new_tumor_event_after_initial_treatment preferred_name="new_tumor_event_dx_indicator" display_order="52" cde="3121376" cde_ver="1.000" xsd_ver="2.5" tier="1" owner="TSS" procurement_status="Not Available" restricted="false"/>
                </gbm_nte:new_tumor_events>
                <clin_shared:day_of_form_completion preferred_name="form_completion_day" display_order="999" cde="2975716" cde_ver="1.000" xsd_ver="2.2" tier="2" owner="TSS" procurement_status="Completed" restricted="false" source_system_identifier="1717112">15</clin_shared:day_of_form_completion>
                <clin_shared:month_of_form_completion preferred_name="form_completion_month" display_order="999" cde="2975718" cde_ver="1.000" xsd_ver="2.2" tier="2" owner="TSS" procurement_status="Completed" restricted="false" source_system_identifier="1717115">3</clin_shared:month_of_form_completion>
                <clin_shared:year_of_form_completion preferred_name="form_completion_year" display_order="999" cde="2975720" cde_ver="1.000" xsd_ver="2.2" tier="2" owner="TSS" procurement_status="Completed" restricted="false" source_system_identifier="1717092">2010</clin_shared:year_of_form_completion>
            </follow_up_v1.0:follow_up>
        </gbm:follow_ups>
    </gbm:patient>
</gbm:tcga_bcr>