<?xml version="1.0" encoding="UTF-8"?>
<gbm:tcga_bcr xsi:schemaLocation="http://tcga.nci/bcr/xml/clinical/gbm/2.7 https://raw.githubusercontent.com/nchbcr/xsd/2.7/tcga.nci/bcr/xml/clinical/gbm/2.7/TCGA_BCR.GBM_Clinical.xsd" schemaVersion="2.7" xmlns:gbm="http://tcga.nci/bcr/xml/clinical/gbm/2.7" xmlns:xsi="http://www.w3.org/2001/XMLSchema-instance" xmlns:admin="http://tcga.nci/bcr/xml/administration/2.7" xmlns:clin_shared="http://tcga.nci/bcr/xml/clinical/shared/2.7" xmlns:shared="http://tcga.nci/bcr/xml/shared/2.7" xmlns:gbm_nte="http://tcga.nci/bcr/xml/clinical/gbm/shared/new_tumor_event/2.7/1.0" xmlns:nte="http://tcga.nci/bcr/xml/clinical/shared/new_tumor_event/2.7" xmlns:rx="http://tcga.nci/bcr/xml/clinical/pharmaceutical/2.7" xmlns:rad="http://tcga.nci/bcr/xml/clinical/radiation/2.7" xmlns:follow_up_v1.0="http://tcga.nci/bcr/xml/clinical/gbm/followup/2.7/1.0">
    <admin:admin>
        <admin:bcr xsd_ver="1.17">Nationwide Children's Hospital</admin:bcr>
        <admin:file_uuid xsd_ver="2.6">DB31AE0C-5AA6-45B5-8315-EDF25659084D</admin:file_uuid>
        <admin:batch_number xsd_ver="1.17">5.90.0</admin:batch_number>
        <admin:project_code xsd_ver="2.7">TCGA</admin:project_code>
        <admin:disease_code xsd_ver="2.6">GBM</admin:disease_code>
        <admin:day_of_dcc_upload xsd_ver="1.17">22</admin:day_of_dcc_upload>
        <admin:month_of_dcc_upload xsd_ver="1.17">12</admin:month_of_dcc_upload>
        <admin:year_of_dcc_upload xsd_ver="1.17">2016</admin:year_of_dcc_upload>
        <admin:patient_withdrawal>
            <admin:withdrawn>false</admin:withdrawn>
        </admin:patient_withdrawal>
        <admin:program xsi:nil="true" xsd_ver="2.7"/>
        <admin:dbgap_registration_code xsi:nil="true" xsd_ver="2.7"/>
    </admin:admin>
    <gbm:patient>
        <admin:additional_studies/>
        <clin_shared:tumor_tissue_site preferred_name="submitted_tumor_site" display_order="9999" cde="3427536" cde_ver="2.000" xsd_ver="2.6" tier="2" owner="TSS" procurement_status="Completed" restricted="false" source_system_identifier="1594900">Brain</clin_shared:tumor_tissue_site>
        <shared:histological_type preferred_name="histologic_diagnosis" display_order="8" cde="3081934" cde_ver="3.000" xsd_ver="2.5" tier="2" owner="TSS" procurement_status="Completed" restricted="false" source_system_identifier="1594917">Untreated primary (de novo) GBM</shared:histological_type>
        <gbm:prior_glioma preferred_name="history_lgg_dx_of_brain_tissue" display_order="6" cde="2786111" cde_ver="1.000" xsd_ver="1.9" tier="1" owner="TSS" procurement_status="Completed" restricted="false" source_system_identifier="1594901">NO</gbm:prior_glioma>
        <shared:gender preferred_name="gender" display_order="9" cde="2200604" cde_ver="3.000" xsd_ver="1.8" tier="1" owner="TSS" procurement_status="Completed" restricted="false" source_system_identifier="1594906">MALE</shared:gender>
        <clin_shared:vital_status preferred_name="vital_status" display_order="23" cde="5" cde_ver="5.000" xsd_ver="2.6" tier="2" owner="TSS" procurement_status="Completed" restricted="false" source_system_identifier="1594896">Dead</clin_shared:vital_status>
        <clin_shared:days_to_birth precision="day" xsd_ver="1.12" tier="1" cde="3008233" owner="TSS" procurement_status="Completed" preferred_name="birth_days_to" display_order="13" cde_ver="1.000">-14636</clin_shared:days_to_birth>
        <clin_shared:days_to_death precision="day" xsd_ver="1.12" tier="1" cde="3165475" owner="TSS" procurement_status="Completed" preferred_name="death_days_to" display_order="31" cde_ver="1.000">372</clin_shared:days_to_death>
        <clin_shared:days_to_last_followup precision="day" xsd_ver="1.12" tier="1" cde="3008273" owner="TSS" procurement_status="Completed" preferred_name="last_contact_days_to" display_order="27" cde_ver="1.000">372</clin_shared:days_to_last_followup>
        <clin_shared:race_list>
            <clin_shared:race preferred_name="race" display_order="14" cde="2192199" cde_ver="1.000" xsd_ver="1.8" tier="2" owner="TSS" procurement_status="Completed" restricted="false" source_system_identifier="1594911">WHITE</clin_shared:race>
        </clin_shared:race_list>
        <shared:bcr_patient_barcode preferred_name="" display_order="9999" cde="2003301" cde_ver="" xsd_ver="1.8" owner="TSS" procurement_status="Completed" restricted="false">TCGA-02-0317</shared:bcr_patient_barcode>
        <shared:tissue_source_site cde="" cde_ver="" xsd_ver="2.4" owner="TSS" procurement_status="Completed" restricted="false">02</shared:tissue_source_site>
        <shared:patient_id cde="" cde_ver="" xsd_ver="2.4" owner="TSS" procurement_status="Completed" restricted="false">0317</shared:patient_id>
        <shared:bcr_patient_uuid preferred_name="" display_order="9999" cde="" cde_ver="" xsd_ver="2.3" owner="TSS" procurement_status="Completed" restricted="false">6879e9da-dacf-48b3-8e95-760796f96a1b</shared:bcr_patient_uuid>
        <clin_shared:informed_consent_verified preferred_name="patient_consent_status" display_order="68" cde="3288361" cde_ver="1.000" xsd_ver="2.4" tier="1" owner="TSS" procurement_status="Completed" restricted="false">YES</clin_shared:informed_consent_verified>
        <clin_shared:icd_o_3_site preferred_name="" display_order="9999" cde="3226281" cde_ver="" xsd_ver="2.4" tier="2" owner="TSS" procurement_status="Completed" restricted="false">C71.9</clin_shared:icd_o_3_site>
        <clin_shared:icd_o_3_histology preferred_name="" display_order="9999" cde="3226275" cde_ver="" xsd_ver="2.4" tier="2" owner="TSS" procurement_status="Completed" restricted="false">9440/3</clin_shared:icd_o_3_histology>
        <clin_shared:icd_10 preferred_name="" display_order="9999" cde="3226287" cde_ver="" xsd_ver="2.4" tier="2" owner="TSS" procurement_status="Completed" restricted="false">C71.9</clin_shared:icd_10>
        <clin_shared:tissue_prospective_collection_indicator preferred_name="prospective_collection" display_order="7" cde="3088492" cde_ver="1.000" xsd_ver="2.3" tier="2" owner="TSS" procurement_status="Not Available" restricted="false"/>
        <clin_shared:tissue_retrospective_collection_indicator preferred_name="retrospective_collection" display_order="8" cde="3088528" cde_ver="1.000" xsd_ver="2.3" tier="2" owner="TSS" procurement_status="Not Available" restricted="false"/>
        <clin_shared:days_to_initial_pathologic_diagnosis precision="day" xsd_ver="1.12" tier="1" cde="3131740" owner="TSS" procurement_status="Completed" preferred_name="initial_pathologic_dx_days_to" display_order="9999" cde_ver="1.000">0</clin_shared:days_to_initial_pathologic_diagnosis>
        <clin_shared:age_at_initial_pathologic_diagnosis precision="day" xsd_ver="1.12" tier="1" cde="2006657" owner="TSS" procurement_status="Completed">40</clin_shared:age_at_initial_pathologic_diagnosis>
        <clin_shared:year_of_initial_pathologic_diagnosis preferred_name="initial_pathologic_dx_year" display_order="20" cde="2896960" cde_ver="1.000" xsd_ver="1.12" tier="1" owner="TSS" procurement_status="Completed" restricted="false" source_system_identifier="1594902">1994</clin_shared:year_of_initial_pathologic_diagnosis>
        <clin_shared:person_neoplasm_cancer_status preferred_name="tumor_status" display_order="32" cde="2759550" cde_ver="1.000" xsd_ver="1.9" tier="2" owner="TSS" procurement_status="Completed" restricted="false" source_system_identifier="1594915">WITH TUMOR</clin_shared:person_neoplasm_cancer_status>
        <clin_shared:day_of_form_completion preferred_name="form_completion_day" display_order="999" cde="2975716" cde_ver="1.000" xsd_ver="2.2" tier="2" owner="TSS" procurement_status="Completed" restricted="false" source_system_identifier="1594907">17</clin_shared:day_of_form_completion>
        <clin_shared:month_of_form_completion preferred_name="form_completion_month" display_order="999" cde="2975718" cde_ver="1.000" xsd_ver="2.2" tier="2" owner="TSS" procurement_status="Completed" restricted="false" source_system_identifier="1594889">12</clin_shared:month_of_form_completion>
        <clin_shared:year_of_form_completion preferred_name="form_completion_year" display_order="999" cde="2975720" cde_ver="1.000" xsd_ver="2.2" tier="2" owner="TSS" procurement_status="Completed" restricted="false" source_system_identifier="1594912">2008</clin_shared:year_of_form_completion>
        <clin_shared:ethnicity preferred_name="ethnicity" display_order="15" cde="2192217" cde_ver="2.000" xsd_ver="1.9" tier="2" owner="TSS" procurement_status="Completed" restricted="false" source_system_identifier="1594904">NOT HISPANIC OR LATINO</clin_shared:ethnicity>
        <shared:other_dx preferred_name="history_other_malignancy" display_order="16" cde="3382736" cde_ver="2.000" xsd_ver="2.5" tier="1" owner="TSS" procurement_status="Not Available" restricted="false"/>
        <shared:history_of_neoadjuvant_treatment preferred_name="history_neoadjuvant_treatment" display_order="17" cde="3382737" cde_ver="1.000" xsd_ver="2.4" tier="1" owner="TSS" procurement_status="Completed" restricted="false" source_system_identifier="1594892">No</shared:history_of_neoadjuvant_treatment>
        <clin_shared:initial_pathologic_diagnosis_method preferred_name="method_initial_path_dx" display_order="21" cde="2757941" cde_ver="1.000" xsd_ver="2.5" tier="2" owner="TSS" procurement_status="Completed" restricted="false" source_system_identifier="1594894">Tumor resection</clin_shared:initial_pathologic_diagnosis_method>
        <clin_shared:init_pathology_dx_method_other preferred_name="method_initial_path_dx_other" display_order="22" cde="2757948" cde_ver="1.000" xsd_ver="2.5" tier="2" owner="TSS" procurement_status="Not Applicable" restricted="false" source_system_identifier="1594905" xsi:nil="true"/>
        <clin_shared:anatomic_neoplasm_subdivision preferred_name="anatomic_organ_subdivision" display_order="9999" cde="3108203" cde_ver="2.000" xsd_ver="2.6" tier="2" owner="TSS" procurement_status="Not Available" restricted="false"/>
        <clin_shared:radiation_therapy preferred_name="radiation_treatment_adjuvant" display_order="36" cde="2005312" cde_ver="4.000" xsd_ver="1.9" tier="1" owner="TSS" procurement_status="Not Available" restricted="false"/>
        <clin_shared:postoperative_rx_tx preferred_name="pharmaceutical_tx_adjuvant" display_order="40" cde="3397567" cde_ver="1.000" xsd_ver="2.5" tier="2" owner="TSS" procurement_status="Not Available" restricted="false"/>
        <clin_shared:primary_therapy_outcome_success preferred_name="treatment_outcome_first_course" display_order="41" cde="2786727" cde_ver="3.000" xsd_ver="2.5" tier="2" owner="TSS" procurement_status="Not Available" restricted="false"/>
        <clin_shared:karnofsky_performance_score preferred_name="karnofsky_score" display_order="33" cde="2003853" cde_ver="4.200" xsd_ver="1.8" tier="2" owner="TSS" procurement_status="Completed" restricted="false" source_system_identifier="1594890">80</clin_shared:karnofsky_performance_score>
        <clin_shared:eastern_cancer_oncology_group preferred_name="ecog_score" display_order="34" cde="88" cde_ver="5.100" xsd_ver="1.9" tier="2" owner="TSS" procurement_status="Not Available" restricted="false" source_system_identifier="1594908"/>
        <clin_shared:performance_status_scale_timing preferred_name="performance_status_timing" display_order="35" cde="2792763" cde_ver="1.000" xsd_ver="1.9" tier="2" owner="TSS" procurement_status="Not Available" restricted="false" source_system_identifier="1594914"/>
        <gbm_nte:new_tumor_events>
            <nte:new_tumor_event_after_initial_treatment preferred_name="new_tumor_event_dx_indicator" display_order="52" cde="3121376" cde_ver="1.000" xsd_ver="2.5" tier="1" owner="TSS" procurement_status="Not Available" restricted="false"/>
        </gbm_nte:new_tumor_events>
        <rx:drugs>
            <rx:drug>
                <rx:tx_on_clinical_trial preferred_name="" display_order="9999" cde="3925111" cde_ver="" xsd_ver="2.5" tier="2" owner="TSS" procurement_status="Not Available" restricted="false"/>
                <rx:regimen_number preferred_name="" display_order="9999" cde="2744948" cde_ver="" xsd_ver="2.1" tier="2" owner="TSS" procurement_status="Not Available" restricted="false"/>
                <rx:bcr_drug_barcode xsd_ver="1.15" owner="TSS" procurement_status="Completed" restricted="false">TCGA-02-0317-D22476</rx:bcr_drug_barcode>
                <rx:bcr_drug_uuid preferred_name="" display_order="9999" cde="" cde_ver="" xsd_ver="2.3" owner="TSS" procurement_status="Completed" restricted="false">91d4a74b-253a-403c-a8b0-d11fe903c32b</rx:bcr_drug_uuid>
                <rx:total_dose preferred_name="total_dose" display_order="999" cde="1515" cde_ver="4.000" xsd_ver="2.1" tier="2" owner="TSS" procurement_status="Not Available" restricted="false" source_system_identifier="1594967"/>
                <rx:total_dose_units preferred_name="pharmaceutical_tx_total_dose_units" display_order="999" cde="3088785" cde_ver="1.000" xsd_ver="2.1" tier="2" owner="TSS" procurement_status="Not Available" restricted="false" source_system_identifier="1594969"/>
                <rx:prescribed_dose preferred_name="prescribed_dose" display_order="999" cde="2184728" cde_ver="1.000" xsd_ver="2.1" tier="2" owner="TSS" procurement_status="Not Available" restricted="false"/>
                <rx:prescribed_dose_units preferred_name="pharmaceutical_tx_dose_units" display_order="999" cde="3065815" cde_ver="1.000" xsd_ver="2.1" tier="2" owner="TSS" procurement_status="Not Available" restricted="false" source_system_identifier="1594960"/>
                <rx:number_cycles preferred_name="pharma_adjuvant_cycles_count" display_order="999" cde="62590" cde_ver="3.000" xsd_ver="1.8" tier="2" owner="TSS" procurement_status="Not Available" restricted="false" source_system_identifier="1594976"/>
                <rx:days_to_drug_therapy_start precision="day" xsd_ver="1.12" tier="2" cde="3392465" owner="TSS" procurement_status="Completed" preferred_name="pharmaceutical_tx_started_days_to" display_order="26" cde_ver="1.000">23</rx:days_to_drug_therapy_start>
                <rx:days_to_drug_therapy_end precision="day" xsd_ver="1.12" tier="2" cde="3392470" owner="TSS" procurement_status="Completed" preferred_name="pharmaceutical_tx_ended_days_to" display_order="16" cde_ver="1.000">176</rx:days_to_drug_therapy_end>
                <rx:therapy_types>
                    <rx:therapy_type preferred_name="pharmaceutical_therapy_type" display_order="7" cde="2793530" cde_ver="1.000" xsd_ver="2.1" tier="2" owner="TSS" procurement_status="Completed" restricted="false" source_system_identifier="1594971">Chemotherapy</rx:therapy_type>
                    <rx:therapy_type_notes preferred_name="pharma_type_other" display_order="999" cde="2001762" cde_ver="4.000" xsd_ver="2.1" tier="2" owner="TSS" procurement_status="Not Available" restricted="false"/>
                </rx:therapy_types>
                <rx:drug_name preferred_name="pharmaceutical_therapy_drug_name" display_order="22" cde="2975232" cde_ver="1.000" xsd_ver="1.10" tier="1" owner="TSS" procurement_status="Completed" restricted="false" source_system_identifier="1594972">anti neopastons</rx:drug_name>
                <rx:clinical_trail_drug_classification preferred_name="clinical_trial_drug_classification" display_order="6" cde="3378323" cde_ver="1.000" xsd_ver="2.5" tier="2" owner="TSS" procurement_status="Not Available" restricted="false"/>
                <clin_shared:regimen_indication preferred_name="therapy_regimen" display_order="999" cde="2793511" cde_ver="1.000" xsd_ver="1.12" tier="2" owner="TSS" procurement_status="Completed" restricted="false" source_system_identifier="1594974">ADJUVANT</clin_shared:regimen_indication>
                <clin_shared:regimen_indication_notes preferred_name="therapy_regimen_other" display_order="999" cde="2793516" cde_ver="1.000" xsd_ver="1.12" tier="2" owner="TSS" procurement_status="Not Applicable" restricted="false" source_system_identifier="1594958"/>
                <rx:route_of_administrations>
                    <rx:route_of_administration preferred_name="route_of_administration" display_order="999" cde="2003586" cde_ver="6.000" xsd_ver="2.3" tier="2" owner="TSS" procurement_status="Not Available" restricted="false" source_system_identifier="1594965"/>
                </rx:route_of_administrations>
                <rx:therapy_ongoing preferred_name="pharmaceutical_tx_ongoing_indicator" display_order="12" cde="3103479" cde_ver="1.000" xsd_ver="2.2" tier="2" owner="TSS" procurement_status="Not Available" restricted="false" source_system_identifier="1594964"/>
                <clin_shared:measure_of_response preferred_name="treatment_best_response" display_order="17" cde="2857291" cde_ver="1.000" xsd_ver="2.5" tier="2" owner="TSS" procurement_status="Not Available" restricted="false"/>
                <clin_shared:day_of_form_completion preferred_name="form_completion_day" display_order="999" cde="2975716" cde_ver="1.000" xsd_ver="2.2" tier="2" owner="TSS" procurement_status="Completed" restricted="false" source_system_identifier="1594959">27</clin_shared:day_of_form_completion>
                <clin_shared:month_of_form_completion preferred_name="form_completion_month" display_order="999" cde="2975718" cde_ver="1.000" xsd_ver="2.2" tier="2" owner="TSS" procurement_status="Completed" restricted="false" source_system_identifier="1594978">3</clin_shared:month_of_form_completion>
                <clin_shared:year_of_form_completion preferred_name="form_completion_year" display_order="999" cde="2975720" cde_ver="1.000" xsd_ver="2.2" tier="2" owner="TSS" procurement_status="Completed" restricted="false" source_system_identifier="1594973">2009</clin_shared:year_of_form_completion>
            </rx:drug>
        </rx:drugs>
        <rad:radiations>
            <rad:radiation>
                <rad:bcr_radiation_barcode xsd_ver="1.15" owner="TSS" procurement_status="Completed" restricted="false">TCGA-02-0317-R22477</rad:bcr_radiation_barcode>
                <rad:bcr_radiation_uuid preferred_name="" display_order="9999" cde="" cde_ver="" xsd_ver="2.3" owner="TSS" procurement_status="Completed" restricted="false">264bf3d4-7479-4d24-814b-0188b17a7526</rad:bcr_radiation_uuid>
                <rad:days_to_radiation_therapy_start precision="day" xsd_ver="1.12" tier="2" cde="3008313" owner="TSS" procurement_status="Not Available" preferred_name="radiation_therapy_started_days_to" display_order="33" cde_ver="1.000"/>
                <rad:days_to_radiation_therapy_end precision="day" xsd_ver="1.12" tier="2" cde="3008333" owner="TSS" procurement_status="Not Available" preferred_name="radiation_therapy_ended_days_to" display_order="17" cde_ver="1.000"/>
                <rad:radiation_type preferred_name="radiation_therapy_type" display_order="4" cde="2842944" cde_ver="1.000" xsd_ver="1.8" tier="2" owner="TSS" procurement_status="Completed" restricted="false" source_system_identifier="1594985">EXTERNAL BEAM</rad:radiation_type>
                <rad:radiation_type_notes preferred_name="radiation_type_other" display_order="999" cde="2195477" cde_ver="1.000" xsd_ver="1.12" tier="2" owner="TSS" procurement_status="Not Applicable" restricted="false" source_system_identifier="1594991"/>
                <rad:radiation_dosage preferred_name="radiation_total_dose" display_order="6" cde="2721441" cde_ver="1.000" xsd_ver="1.8" tier="2" owner="TSS" procurement_status="Not Available" restricted="false" source_system_identifier="1594993"/>
                <rad:units preferred_name="radiation_adjuvant_units" display_order="7" cde="61446" cde_ver="3.000" xsd_ver="1.12" tier="2" owner="TSS" procurement_status="Not Available" restricted="false" source_system_identifier="1594994"/>
                <rad:numfractions preferred_name="radiation_adjuvant_fractions_total" display_order="8" cde="61465" cde_ver="3.000" xsd_ver="1.8" tier="2" owner="TSS" procurement_status="Not Available" restricted="false" source_system_identifier="1594982"/>
                <rad:anatomic_treatment_site preferred_name="radiation_therapy_site" display_order="5" cde="2793522" cde_ver="1.000" xsd_ver="2.3" tier="2" owner="TSS" procurement_status="Completed" restricted="false" source_system_identifier="1594983">Primary Tumor Field</rad:anatomic_treatment_site>
                <clin_shared:regimen_indication preferred_name="therapy_regimen" display_order="999" cde="2793511" cde_ver="1.000" xsd_ver="1.12" tier="2" owner="TSS" procurement_status="Completed" restricted="false" source_system_identifier="1594995">ADJUVANT</clin_shared:regimen_indication>
                <clin_shared:regimen_indication_notes preferred_name="therapy_regimen_other" display_order="999" cde="2793516" cde_ver="1.000" xsd_ver="1.12" tier="2" owner="TSS" procurement_status="Not Available" restricted="false" source_system_identifier="1594986"/>
                <rad:radiation_treatment_ongoing preferred_name="radiation_therapy_ongoing_indicator" display_order="13" cde="2842745" cde_ver="1.000" xsd_ver="1.12" tier="2" owner="TSS" procurement_status="Not Available" restricted="false" source_system_identifier="1594997"/>
                <rad:course_number preferred_name="course_number" display_order="999" cde="2732184" cde_ver="1.000" xsd_ver="2.2" tier="2" owner="TSS" procurement_status="Not Available" restricted="false"/>
                <clin_shared:measure_of_response preferred_name="treatment_best_response" display_order="17" cde="2857291" cde_ver="1.000" xsd_ver="2.5" tier="2" owner="TSS" procurement_status="Not Available" restricted="false"/>
                <clin_shared:day_of_form_completion preferred_name="form_completion_day" display_order="999" cde="2975716" cde_ver="1.000" xsd_ver="2.2" tier="2" owner="TSS" procurement_status="Completed" restricted="false" source_system_identifier="1594990">27</clin_shared:day_of_form_completion>
                <clin_shared:month_of_form_completion preferred_name="form_completion_month" display_order="999" cde="2975718" cde_ver="1.000" xsd_ver="2.2" tier="2" owner="TSS" procurement_status="Completed" restricted="false" source_system_identifier="1594979">3</clin_shared:month_of_form_completion>
                <clin_shared:year_of_form_completion preferred_name="form_completion_year" display_order="999" cde="2975720" cde_ver="1.000" xsd_ver="2.2" tier="2" owner="TSS" procurement_status="Completed" restricted="false" source_system_identifier="1594984">2009</clin_shared:year_of_form_completion>
            </rad:radiation>
        </rad:radiations>
        <gbm:follow_ups>
            <follow_up_v1.0:follow_up version="1.0" sequence="1">
                <clin_shared:bcr_followup_barcode preferred_name="" display_order="9999" cde="" cde_ver="" xsd_ver="2.5" owner="TSS" procurement_status="Completed" restricted="false">TCGA-02-0317-F22475</clin_shared:bcr_followup_barcode>
                <clin_shared:bcr_followup_uuid preferred_name="" display_order="9999" cde="" cde_ver="" xsd_ver="2.5" owner="TSS" procurement_status="Completed" restricted="false">77feb920-dc16-4fe2-8830-8d395cf60a44</clin_shared:bcr_followup_uuid>
                <clin_shared:lost_follow_up preferred_name="followup_lost_to" display_order="5" cde="61333" cde_ver="3.000" xsd_ver="2.5" tier="1" owner="TSS" procurement_status="Not Available" restricted="false"/>
                <clin_shared:radiation_therapy preferred_name="radiation_treatment_adjuvant" display_order="36" cde="2005312" cde_ver="4.000" xsd_ver="1.9" tier="1" owner="TSS" procurement_status="Completed" restricted="false" source_system_identifier="1594920">YES</clin_shared:radiation_therapy>
                <clin_shared:postoperative_rx_tx preferred_name="pharmaceutical_tx_adjuvant" display_order="40" cde="3397567" cde_ver="1.000" xsd_ver="2.5" tier="2" owner="TSS" procurement_status="Completed" restricted="false">YES</clin_shared:postoperative_rx_tx>
                <clin_shared:primary_therapy_outcome_success preferred_name="treatment_outcome_first_course" display_order="41" cde="2786727" cde_ver="3.000" xsd_ver="2.5" tier="2" owner="TSS" procurement_status="Not Available" restricted="false"/>
                <clin_shared:followup_treatment_success preferred_name="treatment_outcome_at_tcga_followup" display_order="52" cde="3104050" cde_ver="2.000" xsd_ver="2.5" tier="2" owner="TSS" procurement_status="Not Available" restricted="false"/>
                <clin_shared:vital_status preferred_name="vital_status" display_order="23" cde="5" cde_ver="5.000" xsd_ver="2.6" tier="2" owner="TSS" procurement_status="Completed" restricted="false" source_system_identifier="1594942">Dead</clin_shared:vital_status>
                <clin_shared:days_to_last_followup precision="day" xsd_ver="1.12" tier="1" cde="3008273" owner="TSS" procurement_status="Completed" preferred_name="last_contact_days_to" display_order="27" cde_ver="1.000">372</clin_shared:days_to_last_followup>
                <clin_shared:days_to_death precision="day" xsd_ver="1.12" tier="1" cde="3165475" owner="TSS" procurement_status="Completed" preferred_name="death_days_to" display_order="31" cde_ver="1.000">372</clin_shared:days_to_death>
                <clin_shared:person_neoplasm_cancer_status preferred_name="tumor_status" display_order="32" cde="2759550" cde_ver="1.000" xsd_ver="1.9" tier="2" owner="TSS" procurement_status="Completed" restricted="false" source_system_identifier="1594929">WITH TUMOR</clin_shared:person_neoplasm_cancer_status>
                <clin_shared:followup_case_report_form_submission_reason preferred_name="followup_reason" display_order="4" cde="3233305" cde_ver="1.000" xsd_ver="2.5" tier="2" owner="TSS" procurement_status="Not Available" restricted="false"/>
                <clin_shared:karnofsky_performance_score preferred_name="karnofsky_score" display_order="33" cde="2003853" cde_ver="4.200" xsd_ver="1.8" tier="2" owner="TSS" procurement_status="Completed" restricted="false" source_system_identifier="1594941">80</clin_shared:karnofsky_performance_score>
                <clin_shared:eastern_cancer_oncology_group preferred_name="ecog_score" display_order="34" cde="88" cde_ver="5.100" xsd_ver="1.9" tier="2" owner="TSS" procurement_status="Not Available" restricted="false" source_system_identifier="1594950"/>
                <clin_shared:performance_status_scale_timing preferred_name="performance_status_timing" display_order="35" cde="2792763" cde_ver="1.000" xsd_ver="1.9" tier="2" owner="TSS" procurement_status="Not Available" restricted="false" source_system_identifier="1594918"/>
                <gbm_nte:new_tumor_events>
                    <nte:new_tumor_event_after_initial_treatment preferred_name="new_tumor_event_dx_indicator" display_order="52" cde="3121376" cde_ver="1.000" xsd_ver="2.5" tier="1" owner="TSS" procurement_status="Not Available" restricted="false"/>
                    <gbm_nte:new_tumor_event>
                        <nte:days_to_new_tumor_event_after_initial_treatment precision="day" xsd_ver="2.2" tier="1" cde="3392464" owner="TSS" procurement_status="Completed" preferred_name="new_tumor_event_dx_days_to" display_order="56" cde_ver="1.000">238</nte:days_to_new_tumor_event_after_initial_treatment>
                        <nte:new_neoplasm_event_type preferred_name="new_tumor_event_type" display_order="9999" cde="3119721" cde_ver="1.000" xsd_ver="2.5" tier="2" owner="TSS" procurement_status="Completed" restricted="false">Progression of Disease</nte:new_neoplasm_event_type>
                        <nte:new_tumor_event_additional_surgery_procedure preferred_name="new_tumor_event_surgery" display_order="9999" cde="3427611" cde_ver="1.000" xsd_ver="2.5" tier="2" owner="TSS" procurement_status="Not Available" restricted="false"/>
                        <nte:days_to_new_tumor_event_additional_surgery_procedure precision="day" xsd_ver="2.5" tier="2" cde="3008335" owner="TSS" procurement_status="Not Available" preferred_name="new_tumor_event_surgery_days_to" display_order="9999" cde_ver="1.000"/>
                        <nte:additional_radiation_therapy preferred_name="new_tumor_event_radiation_tx" display_order="67" cde="3427615" cde_ver="1.000" xsd_ver="2.5" tier="2" owner="TSS" procurement_status="Completed" restricted="false" source_system_identifier="1594947">NO</nte:additional_radiation_therapy>
                        <nte:additional_pharmaceutical_therapy preferred_name="new_tumor_event_pharmaceutical_tx" display_order="999" cde="3427616" cde_ver="1.000" xsd_ver="2.5" tier="2" owner="TSS" procurement_status="Not Available" restricted="false"/>
                    </gbm_nte:new_tumor_event>
                </gbm_nte:new_tumor_events>
                <clin_shared:day_of_form_completion preferred_name="form_completion_day" display_order="999" cde="2975716" cde_ver="1.000" xsd_ver="2.2" tier="2" owner="TSS" procurement_status="Completed" restricted="false" source_system_identifier="1594946">17</clin_shared:day_of_form_completion>
                <clin_shared:month_of_form_completion preferred_name="form_completion_month" display_order="999" cde="2975718" cde_ver="1.000" xsd_ver="2.2" tier="2" owner="TSS" procurement_status="Completed" restricted="false" source_system_identifier="1594957">12</clin_shared:month_of_form_completion>
                <clin_shared:year_of_form_completion preferred_name="form_completion_year" display_order="999" cde="2975720" cde_ver="1.000" xsd_ver="2.2" tier="2" owner="TSS" procurement_status="Completed" restricted="false" source_system_identifier="1594926">2008</clin_shared:year_of_form_completion>
            </follow_up_v1.0:follow_up>
        </gbm:follow_ups>
    </gbm:patient>
</gbm:tcga_bcr>