<?xml version="1.0" encoding="UTF-8"?>
<gbm:tcga_bcr xsi:schemaLocation="http://tcga.nci/bcr/xml/clinical/gbm/2.7 https://raw.githubusercontent.com/nchbcr/xsd/2.7/tcga.nci/bcr/xml/clinical/gbm/2.7/TCGA_BCR.GBM_Clinical.xsd" schemaVersion="2.7" xmlns:gbm="http://tcga.nci/bcr/xml/clinical/gbm/2.7" xmlns:xsi="http://www.w3.org/2001/XMLSchema-instance" xmlns:admin="http://tcga.nci/bcr/xml/administration/2.7" xmlns:clin_shared="http://tcga.nci/bcr/xml/clinical/shared/2.7" xmlns:shared="http://tcga.nci/bcr/xml/shared/2.7" xmlns:gbm_nte="http://tcga.nci/bcr/xml/clinical/gbm/shared/new_tumor_event/2.7/1.0" xmlns:nte="http://tcga.nci/bcr/xml/clinical/shared/new_tumor_event/2.7" xmlns:rx="http://tcga.nci/bcr/xml/clinical/pharmaceutical/2.7" xmlns:rad="http://tcga.nci/bcr/xml/clinical/radiation/2.7" xmlns:follow_up_v1.0="http://tcga.nci/bcr/xml/clinical/gbm/followup/2.7/1.0">
    <admin:admin>
        <admin:bcr xsd_ver="1.17">Nationwide Children's Hospital</admin:bcr>
        <admin:file_uuid xsd_ver="2.6">F8133B23-5BB7-4811-B644-B64F3359DA40</admin:file_uuid>
        <admin:batch_number xsd_ver="1.17">3.97.0</admin:batch_number>
        <admin:project_code xsd_ver="2.7">TCGA</admin:project_code>
        <admin:disease_code xsd_ver="2.6">GBM</admin:disease_code>
        <admin:day_of_dcc_upload xsd_ver="1.17">22</admin:day_of_dcc_upload>
        <admin:month_of_dcc_upload xsd_ver="1.17">12</admin:month_of_dcc_upload>
        <admin:year_of_dcc_upload xsd_ver="1.17">2016</admin:year_of_dcc_upload>
        <admin:patient_withdrawal>
            <admin:withdrawn>false</admin:withdrawn>
        </admin:patient_withdrawal>
        <admin:program xsi:nil="true" xsd_ver="2.7"/>
        <admin:dbgap_registration_code xsi:nil="true" xsd_ver="2.7"/>
    </admin:admin>
    <gbm:patient>
        <admin:additional_studies/>
        <clin_shared:tumor_tissue_site preferred_name="submitted_tumor_site" display_order="9999" cde="3427536" cde_ver="2.000" xsd_ver="2.6" tier="2" owner="TSS" procurement_status="Completed" restricted="false" source_system_identifier="1597637">Brain</clin_shared:tumor_tissue_site>
        <shared:histological_type preferred_name="histologic_diagnosis" display_order="8" cde="3081934" cde_ver="3.000" xsd_ver="2.5" tier="2" owner="TSS" procurement_status="Completed" restricted="false" source_system_identifier="1597624">Untreated primary (de novo) GBM</shared:histological_type>
        <gbm:prior_glioma preferred_name="history_lgg_dx_of_brain_tissue" display_order="6" cde="2786111" cde_ver="1.000" xsd_ver="1.9" tier="1" owner="TSS" procurement_status="Completed" restricted="false" source_system_identifier="1597618">NO</gbm:prior_glioma>
        <shared:gender preferred_name="gender" display_order="9" cde="2200604" cde_ver="3.000" xsd_ver="1.8" tier="1" owner="TSS" procurement_status="Completed" restricted="false" source_system_identifier="1597629">FEMALE</shared:gender>
        <clin_shared:vital_status preferred_name="vital_status" display_order="23" cde="5" cde_ver="5.000" xsd_ver="2.6" tier="2" owner="TSS" procurement_status="Completed" restricted="false" source_system_identifier="1597633">Dead</clin_shared:vital_status>
        <clin_shared:days_to_birth precision="day" xsd_ver="1.12" tier="1" cde="3008233" owner="TSS" procurement_status="Completed" preferred_name="birth_days_to" display_order="13" cde_ver="1.000">-23343</clin_shared:days_to_birth>
        <clin_shared:days_to_death precision="day" xsd_ver="1.12" tier="1" cde="3165475" owner="TSS" procurement_status="Completed" preferred_name="death_days_to" display_order="31" cde_ver="1.000">1448</clin_shared:days_to_death>
        <clin_shared:days_to_last_followup precision="day" xsd_ver="1.12" tier="1" cde="3008273" owner="TSS" procurement_status="Completed" preferred_name="last_contact_days_to" display_order="27" cde_ver="1.000">1439</clin_shared:days_to_last_followup>
        <clin_shared:race_list>
            <clin_shared:race preferred_name="race" display_order="14" cde="2192199" cde_ver="1.000" xsd_ver="1.8" tier="2" owner="TSS" procurement_status="Completed" restricted="false" source_system_identifier="1597632">WHITE</clin_shared:race>
        </clin_shared:race_list>
        <shared:bcr_patient_barcode preferred_name="" display_order="9999" cde="2003301" cde_ver="" xsd_ver="1.8" owner="TSS" procurement_status="Completed" restricted="false">TCGA-06-0125</shared:bcr_patient_barcode>
        <shared:tissue_source_site cde="" cde_ver="" xsd_ver="2.4" owner="TSS" procurement_status="Completed" restricted="false">06</shared:tissue_source_site>
        <shared:patient_id cde="" cde_ver="" xsd_ver="2.4" owner="TSS" procurement_status="Completed" restricted="false">0125</shared:patient_id>
        <shared:bcr_patient_uuid preferred_name="" display_order="9999" cde="" cde_ver="" xsd_ver="2.3" owner="TSS" procurement_status="Completed" restricted="false">8da3103e-3e6c-4176-a583-d5fe5e60601e</shared:bcr_patient_uuid>
        <clin_shared:informed_consent_verified preferred_name="patient_consent_status" display_order="68" cde="3288361" cde_ver="1.000" xsd_ver="2.4" tier="1" owner="TSS" procurement_status="Completed" restricted="false">YES</clin_shared:informed_consent_verified>
        <clin_shared:icd_o_3_site preferred_name="" display_order="9999" cde="3226281" cde_ver="" xsd_ver="2.4" tier="2" owner="TSS" procurement_status="Completed" restricted="false">C71.9</clin_shared:icd_o_3_site>
        <clin_shared:icd_o_3_histology preferred_name="" display_order="9999" cde="3226275" cde_ver="" xsd_ver="2.4" tier="2" owner="TSS" procurement_status="Completed" restricted="false">9440/3</clin_shared:icd_o_3_histology>
        <clin_shared:icd_10 preferred_name="" display_order="9999" cde="3226287" cde_ver="" xsd_ver="2.4" tier="2" owner="TSS" procurement_status="Completed" restricted="false">C71.9</clin_shared:icd_10>
        <clin_shared:tissue_prospective_collection_indicator preferred_name="prospective_collection" display_order="7" cde="3088492" cde_ver="1.000" xsd_ver="2.3" tier="2" owner="TSS" procurement_status="Not Available" restricted="false"/>
        <clin_shared:tissue_retrospective_collection_indicator preferred_name="retrospective_collection" display_order="8" cde="3088528" cde_ver="1.000" xsd_ver="2.3" tier="2" owner="TSS" procurement_status="Not Available" restricted="false"/>
        <clin_shared:days_to_initial_pathologic_diagnosis precision="day" xsd_ver="1.12" tier="1" cde="3131740" owner="TSS" procurement_status="Completed" preferred_name="initial_pathologic_dx_days_to" display_order="9999" cde_ver="1.000">0</clin_shared:days_to_initial_pathologic_diagnosis>
        <clin_shared:age_at_initial_pathologic_diagnosis precision="day" xsd_ver="1.12" tier="1" cde="2006657" owner="TSS" procurement_status="Completed">63</clin_shared:age_at_initial_pathologic_diagnosis>
        <clin_shared:year_of_initial_pathologic_diagnosis preferred_name="initial_pathologic_dx_year" display_order="20" cde="2896960" cde_ver="1.000" xsd_ver="1.12" tier="1" owner="TSS" procurement_status="Completed" restricted="false" source_system_identifier="1597623">2001</clin_shared:year_of_initial_pathologic_diagnosis>
        <clin_shared:person_neoplasm_cancer_status preferred_name="tumor_status" display_order="32" cde="2759550" cde_ver="1.000" xsd_ver="1.9" tier="2" owner="TSS" procurement_status="Completed" restricted="false" source_system_identifier="1597620">WITH TUMOR</clin_shared:person_neoplasm_cancer_status>
        <clin_shared:day_of_form_completion preferred_name="form_completion_day" display_order="999" cde="2975716" cde_ver="1.000" xsd_ver="2.2" tier="2" owner="TSS" procurement_status="Completed" restricted="false" source_system_identifier="1597627">8</clin_shared:day_of_form_completion>
        <clin_shared:month_of_form_completion preferred_name="form_completion_month" display_order="999" cde="2975718" cde_ver="1.000" xsd_ver="2.2" tier="2" owner="TSS" procurement_status="Completed" restricted="false" source_system_identifier="1597639">12</clin_shared:month_of_form_completion>
        <clin_shared:year_of_form_completion preferred_name="form_completion_year" display_order="999" cde="2975720" cde_ver="1.000" xsd_ver="2.2" tier="2" owner="TSS" procurement_status="Completed" restricted="false" source_system_identifier="1597643">2008</clin_shared:year_of_form_completion>
        <clin_shared:ethnicity preferred_name="ethnicity" display_order="15" cde="2192217" cde_ver="2.000" xsd_ver="1.9" tier="2" owner="TSS" procurement_status="Completed" restricted="false" source_system_identifier="1597641">NOT HISPANIC OR LATINO</clin_shared:ethnicity>
        <shared:other_dx preferred_name="history_other_malignancy" display_order="16" cde="3382736" cde_ver="2.000" xsd_ver="2.5" tier="1" owner="TSS" procurement_status="Not Available" restricted="false"/>
        <shared:history_of_neoadjuvant_treatment preferred_name="history_neoadjuvant_treatment" display_order="17" cde="3382737" cde_ver="1.000" xsd_ver="2.4" tier="1" owner="TSS" procurement_status="Completed" restricted="false" source_system_identifier="1597615">No</shared:history_of_neoadjuvant_treatment>
        <clin_shared:initial_pathologic_diagnosis_method preferred_name="method_initial_path_dx" display_order="21" cde="2757941" cde_ver="1.000" xsd_ver="2.5" tier="2" owner="TSS" procurement_status="Completed" restricted="false" source_system_identifier="1597634">Tumor resection</clin_shared:initial_pathologic_diagnosis_method>
        <clin_shared:init_pathology_dx_method_other preferred_name="method_initial_path_dx_other" display_order="22" cde="2757948" cde_ver="1.000" xsd_ver="2.5" tier="2" owner="TSS" procurement_status="Not Applicable" restricted="false" source_system_identifier="1597642" xsi:nil="true"/>
        <clin_shared:anatomic_neoplasm_subdivision preferred_name="anatomic_organ_subdivision" display_order="9999" cde="3108203" cde_ver="2.000" xsd_ver="2.6" tier="2" owner="TSS" procurement_status="Not Available" restricted="false"/>
        <clin_shared:radiation_therapy preferred_name="radiation_treatment_adjuvant" display_order="36" cde="2005312" cde_ver="4.000" xsd_ver="1.9" tier="1" owner="TSS" procurement_status="Not Available" restricted="false"/>
        <clin_shared:postoperative_rx_tx preferred_name="pharmaceutical_tx_adjuvant" display_order="40" cde="3397567" cde_ver="1.000" xsd_ver="2.5" tier="2" owner="TSS" procurement_status="Not Available" restricted="false"/>
        <clin_shared:primary_therapy_outcome_success preferred_name="treatment_outcome_first_course" display_order="41" cde="2786727" cde_ver="3.000" xsd_ver="2.5" tier="2" owner="TSS" procurement_status="Not Available" restricted="false"/>
        <clin_shared:karnofsky_performance_score preferred_name="karnofsky_score" display_order="33" cde="2003853" cde_ver="4.200" xsd_ver="1.8" tier="2" owner="TSS" procurement_status="Completed" restricted="false" source_system_identifier="1597626">60</clin_shared:karnofsky_performance_score>
        <clin_shared:eastern_cancer_oncology_group preferred_name="ecog_score" display_order="34" cde="88" cde_ver="5.100" xsd_ver="1.9" tier="2" owner="TSS" procurement_status="Not Available" restricted="false" source_system_identifier="1597621"/>
        <clin_shared:performance_status_scale_timing preferred_name="performance_status_timing" display_order="35" cde="2792763" cde_ver="1.000" xsd_ver="1.9" tier="2" owner="TSS" procurement_status="Completed" restricted="false" source_system_identifier="1597614">Preoperative</clin_shared:performance_status_scale_timing>
        <gbm_nte:new_tumor_events>
            <nte:new_tumor_event_after_initial_treatment preferred_name="new_tumor_event_dx_indicator" display_order="52" cde="3121376" cde_ver="1.000" xsd_ver="2.5" tier="1" owner="TSS" procurement_status="Not Available" restricted="false"/>
        </gbm_nte:new_tumor_events>
        <rx:drugs>
            <rx:drug>
                <rx:tx_on_clinical_trial preferred_name="" display_order="9999" cde="3925111" cde_ver="" xsd_ver="2.5" tier="2" owner="TSS" procurement_status="Not Available" restricted="false"/>
                <rx:regimen_number preferred_name="" display_order="9999" cde="2744948" cde_ver="" xsd_ver="2.1" tier="2" owner="TSS" procurement_status="Not Available" restricted="false"/>
                <rx:bcr_drug_barcode xsd_ver="1.15" owner="TSS" procurement_status="Completed" restricted="false">TCGA-06-0125-D22572</rx:bcr_drug_barcode>
                <rx:bcr_drug_uuid preferred_name="" display_order="9999" cde="" cde_ver="" xsd_ver="2.3" owner="TSS" procurement_status="Completed" restricted="false">0254badb-e288-40cf-b1c2-451ff481f440</rx:bcr_drug_uuid>
                <rx:total_dose preferred_name="total_dose" display_order="999" cde="1515" cde_ver="4.000" xsd_ver="2.1" tier="2" owner="TSS" procurement_status="Completed" restricted="false" source_system_identifier="1597744">200</rx:total_dose>
                <rx:total_dose_units preferred_name="pharmaceutical_tx_total_dose_units" display_order="999" cde="3088785" cde_ver="1.000" xsd_ver="2.1" tier="2" owner="TSS" procurement_status="Completed" restricted="false" source_system_identifier="1597738">mg</rx:total_dose_units>
                <rx:prescribed_dose preferred_name="prescribed_dose" display_order="999" cde="2184728" cde_ver="1.000" xsd_ver="2.1" tier="2" owner="TSS" procurement_status="Not Available" restricted="false"/>
                <rx:prescribed_dose_units preferred_name="pharmaceutical_tx_dose_units" display_order="999" cde="3065815" cde_ver="1.000" xsd_ver="2.1" tier="2" owner="TSS" procurement_status="Completed" restricted="false" source_system_identifier="1597739">mg</rx:prescribed_dose_units>
                <rx:number_cycles preferred_name="pharma_adjuvant_cycles_count" display_order="999" cde="62590" cde_ver="3.000" xsd_ver="1.8" tier="2" owner="TSS" procurement_status="Completed" restricted="false" source_system_identifier="1597740">11</rx:number_cycles>
                <rx:days_to_drug_therapy_start precision="month" xsd_ver="1.12" tier="2" cde="3392465" owner="TSS" procurement_status="Completed" preferred_name="pharmaceutical_tx_started_days_to" display_order="26" cde_ver="1.000">1032</rx:days_to_drug_therapy_start>
                <rx:days_to_drug_therapy_end precision="day" xsd_ver="1.12" tier="2" cde="3392470" owner="TSS" procurement_status="Completed" preferred_name="pharmaceutical_tx_ended_days_to" display_order="16" cde_ver="1.000">1352</rx:days_to_drug_therapy_end>
                <rx:therapy_types>
                    <rx:therapy_type preferred_name="pharmaceutical_therapy_type" display_order="7" cde="2793530" cde_ver="1.000" xsd_ver="2.1" tier="2" owner="TSS" procurement_status="Completed" restricted="false" source_system_identifier="1597747">Chemotherapy</rx:therapy_type>
                    <rx:therapy_type_notes preferred_name="pharma_type_other" display_order="999" cde="2001762" cde_ver="4.000" xsd_ver="2.1" tier="2" owner="TSS" procurement_status="Not Available" restricted="false"/>
                </rx:therapy_types>
                <rx:drug_name preferred_name="pharmaceutical_therapy_drug_name" display_order="22" cde="2975232" cde_ver="1.000" xsd_ver="1.10" tier="1" owner="TSS" procurement_status="Completed" restricted="false" source_system_identifier="1597746">Thalidomide</rx:drug_name>
                <rx:clinical_trail_drug_classification preferred_name="clinical_trial_drug_classification" display_order="6" cde="3378323" cde_ver="1.000" xsd_ver="2.5" tier="2" owner="TSS" procurement_status="Not Available" restricted="false"/>
                <clin_shared:regimen_indication preferred_name="therapy_regimen" display_order="999" cde="2793511" cde_ver="1.000" xsd_ver="1.12" tier="2" owner="TSS" procurement_status="Completed" restricted="false" source_system_identifier="1597737">PROGRESSION</clin_shared:regimen_indication>
                <clin_shared:regimen_indication_notes preferred_name="therapy_regimen_other" display_order="999" cde="2793516" cde_ver="1.000" xsd_ver="1.12" tier="2" owner="TSS" procurement_status="Not Applicable" restricted="false" source_system_identifier="1597743"/>
                <rx:route_of_administrations>
                    <rx:route_of_administration preferred_name="route_of_administration" display_order="999" cde="2003586" cde_ver="6.000" xsd_ver="2.3" tier="2" owner="TSS" procurement_status="Completed" restricted="false" source_system_identifier="1597728">PO</rx:route_of_administration>
                </rx:route_of_administrations>
                <rx:therapy_ongoing preferred_name="pharmaceutical_tx_ongoing_indicator" display_order="12" cde="3103479" cde_ver="1.000" xsd_ver="2.2" tier="2" owner="TSS" procurement_status="Completed" restricted="false" source_system_identifier="1597736">NO</rx:therapy_ongoing>
                <clin_shared:measure_of_response preferred_name="treatment_best_response" display_order="17" cde="2857291" cde_ver="1.000" xsd_ver="2.5" tier="2" owner="TSS" procurement_status="Not Available" restricted="false"/>
                <clin_shared:day_of_form_completion preferred_name="form_completion_day" display_order="999" cde="2975716" cde_ver="1.000" xsd_ver="2.2" tier="2" owner="TSS" procurement_status="Completed" restricted="false" source_system_identifier="1597732">11</clin_shared:day_of_form_completion>
                <clin_shared:month_of_form_completion preferred_name="form_completion_month" display_order="999" cde="2975718" cde_ver="1.000" xsd_ver="2.2" tier="2" owner="TSS" procurement_status="Completed" restricted="false" source_system_identifier="1597741">5</clin_shared:month_of_form_completion>
                <clin_shared:year_of_form_completion preferred_name="form_completion_year" display_order="999" cde="2975720" cde_ver="1.000" xsd_ver="2.2" tier="2" owner="TSS" procurement_status="Completed" restricted="false" source_system_identifier="1597730">2009</clin_shared:year_of_form_completion>
            </rx:drug>
            <rx:drug>
                <rx:tx_on_clinical_trial preferred_name="" display_order="9999" cde="3925111" cde_ver="" xsd_ver="2.5" tier="2" owner="TSS" procurement_status="Not Available" restricted="false"/>
                <rx:regimen_number preferred_name="" display_order="9999" cde="2744948" cde_ver="" xsd_ver="2.1" tier="2" owner="TSS" procurement_status="Not Available" restricted="false"/>
                <rx:bcr_drug_barcode xsd_ver="1.15" owner="TSS" procurement_status="Completed" restricted="false">TCGA-06-0125-D22570</rx:bcr_drug_barcode>
                <rx:bcr_drug_uuid preferred_name="" display_order="9999" cde="" cde_ver="" xsd_ver="2.3" owner="TSS" procurement_status="Completed" restricted="false">44e0e55b-fa57-44e8-a62f-a2faebf89093</rx:bcr_drug_uuid>
                <rx:total_dose preferred_name="total_dose" display_order="999" cde="1515" cde_ver="4.000" xsd_ver="2.1" tier="2" owner="TSS" procurement_status="Completed" restricted="false" source_system_identifier="1597703">300</rx:total_dose>
                <rx:total_dose_units preferred_name="pharmaceutical_tx_total_dose_units" display_order="999" cde="3088785" cde_ver="1.000" xsd_ver="2.1" tier="2" owner="TSS" procurement_status="Completed" restricted="false" source_system_identifier="1597694">mg</rx:total_dose_units>
                <rx:prescribed_dose preferred_name="prescribed_dose" display_order="999" cde="2184728" cde_ver="1.000" xsd_ver="2.1" tier="2" owner="TSS" procurement_status="Not Available" restricted="false"/>
                <rx:prescribed_dose_units preferred_name="pharmaceutical_tx_dose_units" display_order="999" cde="3065815" cde_ver="1.000" xsd_ver="2.1" tier="2" owner="TSS" procurement_status="Completed" restricted="false" source_system_identifier="1597691">mg</rx:prescribed_dose_units>
                <rx:number_cycles preferred_name="pharma_adjuvant_cycles_count" display_order="999" cde="62590" cde_ver="3.000" xsd_ver="1.8" tier="2" owner="TSS" procurement_status="Completed" restricted="false" source_system_identifier="1597697">14</rx:number_cycles>
                <rx:days_to_drug_therapy_start precision="day" xsd_ver="1.12" tier="2" cde="3392465" owner="TSS" procurement_status="Completed" preferred_name="pharmaceutical_tx_started_days_to" display_order="26" cde_ver="1.000">28</rx:days_to_drug_therapy_start>
                <rx:days_to_drug_therapy_end precision="day" xsd_ver="1.12" tier="2" cde="3392470" owner="TSS" procurement_status="Completed" preferred_name="pharmaceutical_tx_ended_days_to" display_order="16" cde_ver="1.000">452</rx:days_to_drug_therapy_end>
                <rx:therapy_types>
                    <rx:therapy_type preferred_name="pharmaceutical_therapy_type" display_order="7" cde="2793530" cde_ver="1.000" xsd_ver="2.1" tier="2" owner="TSS" procurement_status="Completed" restricted="false" source_system_identifier="1597702">Chemotherapy</rx:therapy_type>
                    <rx:therapy_type_notes preferred_name="pharma_type_other" display_order="999" cde="2001762" cde_ver="4.000" xsd_ver="2.1" tier="2" owner="TSS" procurement_status="Not Available" restricted="false"/>
                </rx:therapy_types>
                <rx:drug_name preferred_name="pharmaceutical_therapy_drug_name" display_order="22" cde="2975232" cde_ver="1.000" xsd_ver="1.10" tier="1" owner="TSS" procurement_status="Completed" restricted="false" source_system_identifier="1597695">Temozolomide</rx:drug_name>
                <rx:clinical_trail_drug_classification preferred_name="clinical_trial_drug_classification" display_order="6" cde="3378323" cde_ver="1.000" xsd_ver="2.5" tier="2" owner="TSS" procurement_status="Not Available" restricted="false"/>
                <clin_shared:regimen_indication preferred_name="therapy_regimen" display_order="999" cde="2793511" cde_ver="1.000" xsd_ver="1.12" tier="2" owner="TSS" procurement_status="Completed" restricted="false" source_system_identifier="1597693">ADJUVANT</clin_shared:regimen_indication>
                <clin_shared:regimen_indication_notes preferred_name="therapy_regimen_other" display_order="999" cde="2793516" cde_ver="1.000" xsd_ver="1.12" tier="2" owner="TSS" procurement_status="Not Applicable" restricted="false" source_system_identifier="1597686"/>
                <rx:route_of_administrations>
                    <rx:route_of_administration preferred_name="route_of_administration" display_order="999" cde="2003586" cde_ver="6.000" xsd_ver="2.3" tier="2" owner="TSS" procurement_status="Completed" restricted="false" source_system_identifier="1597689">PO</rx:route_of_administration>
                </rx:route_of_administrations>
                <rx:therapy_ongoing preferred_name="pharmaceutical_tx_ongoing_indicator" display_order="12" cde="3103479" cde_ver="1.000" xsd_ver="2.2" tier="2" owner="TSS" procurement_status="Completed" restricted="false" source_system_identifier="1597700">NO</rx:therapy_ongoing>
                <clin_shared:measure_of_response preferred_name="treatment_best_response" display_order="17" cde="2857291" cde_ver="1.000" xsd_ver="2.5" tier="2" owner="TSS" procurement_status="Not Available" restricted="false"/>
                <clin_shared:day_of_form_completion preferred_name="form_completion_day" display_order="999" cde="2975716" cde_ver="1.000" xsd_ver="2.2" tier="2" owner="TSS" procurement_status="Completed" restricted="false" source_system_identifier="1597690">11</clin_shared:day_of_form_completion>
                <clin_shared:month_of_form_completion preferred_name="form_completion_month" display_order="999" cde="2975718" cde_ver="1.000" xsd_ver="2.2" tier="2" owner="TSS" procurement_status="Completed" restricted="false" source_system_identifier="1597704">5</clin_shared:month_of_form_completion>
                <clin_shared:year_of_form_completion preferred_name="form_completion_year" display_order="999" cde="2975720" cde_ver="1.000" xsd_ver="2.2" tier="2" owner="TSS" procurement_status="Completed" restricted="false" source_system_identifier="1597698">2009</clin_shared:year_of_form_completion>
            </rx:drug>
            <rx:drug>
                <rx:tx_on_clinical_trial preferred_name="" display_order="9999" cde="3925111" cde_ver="" xsd_ver="2.5" tier="2" owner="TSS" procurement_status="Not Available" restricted="false"/>
                <rx:regimen_number preferred_name="" display_order="9999" cde="2744948" cde_ver="" xsd_ver="2.1" tier="2" owner="TSS" procurement_status="Not Available" restricted="false"/>
                <rx:bcr_drug_barcode xsd_ver="1.15" owner="TSS" procurement_status="Completed" restricted="false">TCGA-06-0125-D22571</rx:bcr_drug_barcode>
                <rx:bcr_drug_uuid preferred_name="" display_order="9999" cde="" cde_ver="" xsd_ver="2.3" owner="TSS" procurement_status="Completed" restricted="false">38d50ec6-4a60-4851-8a76-a99e2c52457d</rx:bcr_drug_uuid>
                <rx:total_dose preferred_name="total_dose" display_order="999" cde="1515" cde_ver="4.000" xsd_ver="2.1" tier="2" owner="TSS" procurement_status="Completed" restricted="false" source_system_identifier="1597714">566</rx:total_dose>
                <rx:total_dose_units preferred_name="pharmaceutical_tx_total_dose_units" display_order="999" cde="3088785" cde_ver="1.000" xsd_ver="2.1" tier="2" owner="TSS" procurement_status="Completed" restricted="false" source_system_identifier="1597713">mg</rx:total_dose_units>
                <rx:prescribed_dose preferred_name="prescribed_dose" display_order="999" cde="2184728" cde_ver="1.000" xsd_ver="2.1" tier="2" owner="TSS" procurement_status="Not Available" restricted="false"/>
                <rx:prescribed_dose_units preferred_name="pharmaceutical_tx_dose_units" display_order="999" cde="3065815" cde_ver="1.000" xsd_ver="2.1" tier="2" owner="TSS" procurement_status="Completed" restricted="false" source_system_identifier="1597721">mg</rx:prescribed_dose_units>
                <rx:number_cycles preferred_name="pharma_adjuvant_cycles_count" display_order="999" cde="62590" cde_ver="3.000" xsd_ver="1.8" tier="2" owner="TSS" procurement_status="Completed" restricted="false" source_system_identifier="1597718">2</rx:number_cycles>
                <rx:days_to_drug_therapy_start precision="month" xsd_ver="1.12" tier="2" cde="3392465" owner="TSS" procurement_status="Completed" preferred_name="pharmaceutical_tx_started_days_to" display_order="26" cde_ver="1.000">880</rx:days_to_drug_therapy_start>
                <rx:days_to_drug_therapy_end precision="year" xsd_ver="1.12" tier="2" cde="3392470" owner="TSS" procurement_status="Completed" preferred_name="pharmaceutical_tx_ended_days_to" display_order="16" cde_ver="1.000">941</rx:days_to_drug_therapy_end>
                <rx:therapy_types>
                    <rx:therapy_type preferred_name="pharmaceutical_therapy_type" display_order="7" cde="2793530" cde_ver="1.000" xsd_ver="2.1" tier="2" owner="TSS" procurement_status="Completed" restricted="false" source_system_identifier="1597706">Chemotherapy</rx:therapy_type>
                    <rx:therapy_type_notes preferred_name="pharma_type_other" display_order="999" cde="2001762" cde_ver="4.000" xsd_ver="2.1" tier="2" owner="TSS" procurement_status="Not Available" restricted="false"/>
                </rx:therapy_types>
                <rx:drug_name preferred_name="pharmaceutical_therapy_drug_name" display_order="22" cde="2975232" cde_ver="1.000" xsd_ver="1.10" tier="1" owner="TSS" procurement_status="Completed" restricted="false" source_system_identifier="1597716">CPT 11</rx:drug_name>
                <rx:clinical_trail_drug_classification preferred_name="clinical_trial_drug_classification" display_order="6" cde="3378323" cde_ver="1.000" xsd_ver="2.5" tier="2" owner="TSS" procurement_status="Not Available" restricted="false"/>
                <clin_shared:regimen_indication preferred_name="therapy_regimen" display_order="999" cde="2793511" cde_ver="1.000" xsd_ver="1.12" tier="2" owner="TSS" procurement_status="Completed" restricted="false" source_system_identifier="1597726">PROGRESSION</clin_shared:regimen_indication>
                <clin_shared:regimen_indication_notes preferred_name="therapy_regimen_other" display_order="999" cde="2793516" cde_ver="1.000" xsd_ver="1.12" tier="2" owner="TSS" procurement_status="Not Applicable" restricted="false" source_system_identifier="1597723"/>
                <rx:route_of_administrations>
                    <rx:route_of_administration preferred_name="route_of_administration" display_order="999" cde="2003586" cde_ver="6.000" xsd_ver="2.3" tier="2" owner="TSS" procurement_status="Completed" restricted="false" source_system_identifier="1597711">IV</rx:route_of_administration>
                </rx:route_of_administrations>
                <rx:therapy_ongoing preferred_name="pharmaceutical_tx_ongoing_indicator" display_order="12" cde="3103479" cde_ver="1.000" xsd_ver="2.2" tier="2" owner="TSS" procurement_status="Completed" restricted="false" source_system_identifier="1597722">NO</rx:therapy_ongoing>
                <clin_shared:measure_of_response preferred_name="treatment_best_response" display_order="17" cde="2857291" cde_ver="1.000" xsd_ver="2.5" tier="2" owner="TSS" procurement_status="Not Available" restricted="false"/>
                <clin_shared:day_of_form_completion preferred_name="form_completion_day" display_order="999" cde="2975716" cde_ver="1.000" xsd_ver="2.2" tier="2" owner="TSS" procurement_status="Completed" restricted="false" source_system_identifier="1597717">11</clin_shared:day_of_form_completion>
                <clin_shared:month_of_form_completion preferred_name="form_completion_month" display_order="999" cde="2975718" cde_ver="1.000" xsd_ver="2.2" tier="2" owner="TSS" procurement_status="Completed" restricted="false" source_system_identifier="1597719">5</clin_shared:month_of_form_completion>
                <clin_shared:year_of_form_completion preferred_name="form_completion_year" display_order="999" cde="2975720" cde_ver="1.000" xsd_ver="2.2" tier="2" owner="TSS" procurement_status="Completed" restricted="false" source_system_identifier="1597725">2009</clin_shared:year_of_form_completion>
            </rx:drug>
        </rx:drugs>
        <rad:radiations>
            <rad:radiation>
                <rad:bcr_radiation_barcode xsd_ver="1.15" owner="TSS" procurement_status="Completed" restricted="false">TCGA-06-0125-R22573</rad:bcr_radiation_barcode>
                <rad:bcr_radiation_uuid preferred_name="" display_order="9999" cde="" cde_ver="" xsd_ver="2.3" owner="TSS" procurement_status="Completed" restricted="false">814bd084-cf4a-41a3-a49e-fc3c04f2d107</rad:bcr_radiation_uuid>
                <rad:days_to_radiation_therapy_start precision="day" xsd_ver="1.12" tier="2" cde="3008313" owner="TSS" procurement_status="Completed" preferred_name="radiation_therapy_started_days_to" display_order="33" cde_ver="1.000">830</rad:days_to_radiation_therapy_start>
                <rad:days_to_radiation_therapy_end precision="day" xsd_ver="1.12" tier="2" cde="3008333" owner="TSS" procurement_status="Completed" preferred_name="radiation_therapy_ended_days_to" display_order="17" cde_ver="1.000">833</rad:days_to_radiation_therapy_end>
                <rad:radiation_type preferred_name="radiation_therapy_type" display_order="4" cde="2842944" cde_ver="1.000" xsd_ver="1.8" tier="2" owner="TSS" procurement_status="Completed" restricted="false" source_system_identifier="1597766">OTHER</rad:radiation_type>
                <rad:radiation_type_notes preferred_name="radiation_type_other" display_order="999" cde="2195477" cde_ver="1.000" xsd_ver="1.12" tier="2" owner="TSS" procurement_status="Completed" restricted="false" source_system_identifier="1597755">Brachtherapy</rad:radiation_type_notes>
                <rad:radiation_dosage preferred_name="radiation_total_dose" display_order="6" cde="2721441" cde_ver="1.000" xsd_ver="1.8" tier="2" owner="TSS" procurement_status="Completed" restricted="false" source_system_identifier="1597750">8000</rad:radiation_dosage>
                <rad:units preferred_name="radiation_adjuvant_units" display_order="7" cde="61446" cde_ver="3.000" xsd_ver="1.12" tier="2" owner="TSS" procurement_status="Completed" restricted="false" source_system_identifier="1597764">cGy</rad:units>
                <rad:numfractions preferred_name="radiation_adjuvant_fractions_total" display_order="8" cde="61465" cde_ver="3.000" xsd_ver="1.8" tier="2" owner="TSS" procurement_status="Completed" restricted="false" source_system_identifier="1597751">01</rad:numfractions>
                <rad:anatomic_treatment_site preferred_name="radiation_therapy_site" display_order="5" cde="2793522" cde_ver="1.000" xsd_ver="2.3" tier="2" owner="TSS" procurement_status="Completed" restricted="false" source_system_identifier="1597748">Primary Tumor Field</rad:anatomic_treatment_site>
                <clin_shared:regimen_indication preferred_name="therapy_regimen" display_order="999" cde="2793511" cde_ver="1.000" xsd_ver="1.12" tier="2" owner="TSS" procurement_status="Completed" restricted="false" source_system_identifier="1597752">RECURRENCE</clin_shared:regimen_indication>
                <clin_shared:regimen_indication_notes preferred_name="therapy_regimen_other" display_order="999" cde="2793516" cde_ver="1.000" xsd_ver="1.12" tier="2" owner="TSS" procurement_status="Not Available" restricted="false" source_system_identifier="1597758"/>
                <rad:radiation_treatment_ongoing preferred_name="radiation_therapy_ongoing_indicator" display_order="13" cde="2842745" cde_ver="1.000" xsd_ver="1.12" tier="2" owner="TSS" procurement_status="Completed" restricted="false" source_system_identifier="1597756">NO</rad:radiation_treatment_ongoing>
                <rad:course_number preferred_name="course_number" display_order="999" cde="2732184" cde_ver="1.000" xsd_ver="2.2" tier="2" owner="TSS" procurement_status="Not Available" restricted="false"/>
                <clin_shared:measure_of_response preferred_name="treatment_best_response" display_order="17" cde="2857291" cde_ver="1.000" xsd_ver="2.5" tier="2" owner="TSS" procurement_status="Not Available" restricted="false"/>
                <clin_shared:day_of_form_completion preferred_name="form_completion_day" display_order="999" cde="2975716" cde_ver="1.000" xsd_ver="2.2" tier="2" owner="TSS" procurement_status="Completed" restricted="false" source_system_identifier="1597761">11</clin_shared:day_of_form_completion>
                <clin_shared:month_of_form_completion preferred_name="form_completion_month" display_order="999" cde="2975718" cde_ver="1.000" xsd_ver="2.2" tier="2" owner="TSS" procurement_status="Completed" restricted="false" source_system_identifier="1597767">5</clin_shared:month_of_form_completion>
                <clin_shared:year_of_form_completion preferred_name="form_completion_year" display_order="999" cde="2975720" cde_ver="1.000" xsd_ver="2.2" tier="2" owner="TSS" procurement_status="Completed" restricted="false" source_system_identifier="1597760">2009</clin_shared:year_of_form_completion>
            </rad:radiation>
            <rad:radiation>
                <rad:bcr_radiation_barcode xsd_ver="1.15" owner="TSS" procurement_status="Completed" restricted="false">TCGA-06-0125-R22574</rad:bcr_radiation_barcode>
                <rad:bcr_radiation_uuid preferred_name="" display_order="9999" cde="" cde_ver="" xsd_ver="2.3" owner="TSS" procurement_status="Completed" restricted="false">0d9a7590-e13d-4ee4-8799-90929fc8818f</rad:bcr_radiation_uuid>
                <rad:days_to_radiation_therapy_start precision="day" xsd_ver="1.12" tier="2" cde="3008313" owner="TSS" procurement_status="Completed" preferred_name="radiation_therapy_started_days_to" display_order="33" cde_ver="1.000">28</rad:days_to_radiation_therapy_start>
                <rad:days_to_radiation_therapy_end precision="day" xsd_ver="1.12" tier="2" cde="3008333" owner="TSS" procurement_status="Completed" preferred_name="radiation_therapy_ended_days_to" display_order="17" cde_ver="1.000">67</rad:days_to_radiation_therapy_end>
                <rad:radiation_type preferred_name="radiation_therapy_type" display_order="4" cde="2842944" cde_ver="1.000" xsd_ver="1.8" tier="2" owner="TSS" procurement_status="Completed" restricted="false" source_system_identifier="1597785">EXTERNAL BEAM</rad:radiation_type>
                <rad:radiation_type_notes preferred_name="radiation_type_other" display_order="999" cde="2195477" cde_ver="1.000" xsd_ver="1.12" tier="2" owner="TSS" procurement_status="Not Applicable" restricted="false" source_system_identifier="1597783"/>
                <rad:radiation_dosage preferred_name="radiation_total_dose" display_order="6" cde="2721441" cde_ver="1.000" xsd_ver="1.8" tier="2" owner="TSS" procurement_status="Completed" restricted="false" source_system_identifier="1597777">6000</rad:radiation_dosage>
                <rad:units preferred_name="radiation_adjuvant_units" display_order="7" cde="61446" cde_ver="3.000" xsd_ver="1.12" tier="2" owner="TSS" procurement_status="Completed" restricted="false" source_system_identifier="1597768">cGy</rad:units>
                <rad:numfractions preferred_name="radiation_adjuvant_fractions_total" display_order="8" cde="61465" cde_ver="3.000" xsd_ver="1.8" tier="2" owner="TSS" procurement_status="Completed" restricted="false" source_system_identifier="1597781">30</rad:numfractions>
                <rad:anatomic_treatment_site preferred_name="radiation_therapy_site" display_order="5" cde="2793522" cde_ver="1.000" xsd_ver="2.3" tier="2" owner="TSS" procurement_status="Completed" restricted="false" source_system_identifier="1597771">Primary Tumor Field</rad:anatomic_treatment_site>
                <clin_shared:regimen_indication preferred_name="therapy_regimen" display_order="999" cde="2793511" cde_ver="1.000" xsd_ver="1.12" tier="2" owner="TSS" procurement_status="Completed" restricted="false" source_system_identifier="1597776">ADJUVANT</clin_shared:regimen_indication>
                <clin_shared:regimen_indication_notes preferred_name="therapy_regimen_other" display_order="999" cde="2793516" cde_ver="1.000" xsd_ver="1.12" tier="2" owner="TSS" procurement_status="Not Available" restricted="false" source_system_identifier="1597770"/>
                <rad:radiation_treatment_ongoing preferred_name="radiation_therapy_ongoing_indicator" display_order="13" cde="2842745" cde_ver="1.000" xsd_ver="1.12" tier="2" owner="TSS" procurement_status="Completed" restricted="false" source_system_identifier="1597779">NO</rad:radiation_treatment_ongoing>
                <rad:course_number preferred_name="course_number" display_order="999" cde="2732184" cde_ver="1.000" xsd_ver="2.2" tier="2" owner="TSS" procurement_status="Not Available" restricted="false"/>
                <clin_shared:measure_of_response preferred_name="treatment_best_response" display_order="17" cde="2857291" cde_ver="1.000" xsd_ver="2.5" tier="2" owner="TSS" procurement_status="Not Available" restricted="false"/>
                <clin_shared:day_of_form_completion preferred_name="form_completion_day" display_order="999" cde="2975716" cde_ver="1.000" xsd_ver="2.2" tier="2" owner="TSS" procurement_status="Completed" restricted="false" source_system_identifier="1597780">11</clin_shared:day_of_form_completion>
                <clin_shared:month_of_form_completion preferred_name="form_completion_month" display_order="999" cde="2975718" cde_ver="1.000" xsd_ver="2.2" tier="2" owner="TSS" procurement_status="Completed" restricted="false" source_system_identifier="1597775">5</clin_shared:month_of_form_completion>
                <clin_shared:year_of_form_completion preferred_name="form_completion_year" display_order="999" cde="2975720" cde_ver="1.000" xsd_ver="2.2" tier="2" owner="TSS" procurement_status="Completed" restricted="false" source_system_identifier="1597787">2009</clin_shared:year_of_form_completion>
            </rad:radiation>
            <rad:radiation>
                <rad:bcr_radiation_barcode xsd_ver="1.15" owner="TSS" procurement_status="Completed" restricted="false">TCGA-06-0125-R22575</rad:bcr_radiation_barcode>
                <rad:bcr_radiation_uuid preferred_name="" display_order="9999" cde="" cde_ver="" xsd_ver="2.3" owner="TSS" procurement_status="Completed" restricted="false">185c6dc0-2e94-49bb-ace1-e30b2989b438</rad:bcr_radiation_uuid>
                <rad:days_to_radiation_therapy_start precision="day" xsd_ver="1.12" tier="2" cde="3008313" owner="TSS" procurement_status="Completed" preferred_name="radiation_therapy_started_days_to" display_order="33" cde_ver="1.000">1367</rad:days_to_radiation_therapy_start>
                <rad:days_to_radiation_therapy_end precision="day" xsd_ver="1.12" tier="2" cde="3008333" owner="TSS" procurement_status="Completed" preferred_name="radiation_therapy_ended_days_to" display_order="17" cde_ver="1.000">1367</rad:days_to_radiation_therapy_end>
                <rad:radiation_type preferred_name="radiation_therapy_type" display_order="4" cde="2842944" cde_ver="1.000" xsd_ver="1.8" tier="2" owner="TSS" procurement_status="Completed" restricted="false" source_system_identifier="1597796">OTHER</rad:radiation_type>
                <rad:radiation_type_notes preferred_name="radiation_type_other" display_order="999" cde="2195477" cde_ver="1.000" xsd_ver="1.12" tier="2" owner="TSS" procurement_status="Completed" restricted="false" source_system_identifier="1597795">Stereotatic Radiosurgery</rad:radiation_type_notes>
                <rad:radiation_dosage preferred_name="radiation_total_dose" display_order="6" cde="2721441" cde_ver="1.000" xsd_ver="1.8" tier="2" owner="TSS" procurement_status="Completed" restricted="false" source_system_identifier="1597794">2000</rad:radiation_dosage>
                <rad:units preferred_name="radiation_adjuvant_units" display_order="7" cde="61446" cde_ver="3.000" xsd_ver="1.12" tier="2" owner="TSS" procurement_status="Completed" restricted="false" source_system_identifier="1597789">cGy</rad:units>
                <rad:numfractions preferred_name="radiation_adjuvant_fractions_total" display_order="8" cde="61465" cde_ver="3.000" xsd_ver="1.8" tier="2" owner="TSS" procurement_status="Completed" restricted="false" source_system_identifier="1597799">1</rad:numfractions>
                <rad:anatomic_treatment_site preferred_name="radiation_therapy_site" display_order="5" cde="2793522" cde_ver="1.000" xsd_ver="2.3" tier="2" owner="TSS" procurement_status="Completed" restricted="false" source_system_identifier="1597806">Primary Tumor Field</rad:anatomic_treatment_site>
                <clin_shared:regimen_indication preferred_name="therapy_regimen" display_order="999" cde="2793511" cde_ver="1.000" xsd_ver="1.12" tier="2" owner="TSS" procurement_status="Completed" restricted="false" source_system_identifier="1597800">RECURRENCE</clin_shared:regimen_indication>
                <clin_shared:regimen_indication_notes preferred_name="therapy_regimen_other" display_order="999" cde="2793516" cde_ver="1.000" xsd_ver="1.12" tier="2" owner="TSS" procurement_status="Not Available" restricted="false" source_system_identifier="1597801"/>
                <rad:radiation_treatment_ongoing preferred_name="radiation_therapy_ongoing_indicator" display_order="13" cde="2842745" cde_ver="1.000" xsd_ver="1.12" tier="2" owner="TSS" procurement_status="Completed" restricted="false" source_system_identifier="1597792">NO</rad:radiation_treatment_ongoing>
                <rad:course_number preferred_name="course_number" display_order="999" cde="2732184" cde_ver="1.000" xsd_ver="2.2" tier="2" owner="TSS" procurement_status="Not Available" restricted="false"/>
                <clin_shared:measure_of_response preferred_name="treatment_best_response" display_order="17" cde="2857291" cde_ver="1.000" xsd_ver="2.5" tier="2" owner="TSS" procurement_status="Not Available" restricted="false"/>
                <clin_shared:day_of_form_completion preferred_name="form_completion_day" display_order="999" cde="2975716" cde_ver="1.000" xsd_ver="2.2" tier="2" owner="TSS" procurement_status="Completed" restricted="false" source_system_identifier="1597793">7</clin_shared:day_of_form_completion>
                <clin_shared:month_of_form_completion preferred_name="form_completion_month" display_order="999" cde="2975718" cde_ver="1.000" xsd_ver="2.2" tier="2" owner="TSS" procurement_status="Completed" restricted="false" source_system_identifier="1597791">1</clin_shared:month_of_form_completion>
                <clin_shared:year_of_form_completion preferred_name="form_completion_year" display_order="999" cde="2975720" cde_ver="1.000" xsd_ver="2.2" tier="2" owner="TSS" procurement_status="Completed" restricted="false" source_system_identifier="1597802">2010</clin_shared:year_of_form_completion>
            </rad:radiation>
        </rad:radiations>
        <gbm:follow_ups>
            <follow_up_v1.0:follow_up version="1.0" sequence="1">
                <clin_shared:bcr_followup_barcode preferred_name="" display_order="9999" cde="" cde_ver="" xsd_ver="2.5" owner="TSS" procurement_status="Completed" restricted="false">TCGA-06-0125-F22569</clin_shared:bcr_followup_barcode>
                <clin_shared:bcr_followup_uuid preferred_name="" display_order="9999" cde="" cde_ver="" xsd_ver="2.5" owner="TSS" procurement_status="Completed" restricted="false">2e6e2e44-88b7-4189-aaa3-410be82ceeb4</clin_shared:bcr_followup_uuid>
                <clin_shared:lost_follow_up preferred_name="followup_lost_to" display_order="5" cde="61333" cde_ver="3.000" xsd_ver="2.5" tier="1" owner="TSS" procurement_status="Not Available" restricted="false"/>
                <clin_shared:radiation_therapy preferred_name="radiation_treatment_adjuvant" display_order="36" cde="2005312" cde_ver="4.000" xsd_ver="1.9" tier="1" owner="TSS" procurement_status="Completed" restricted="false" source_system_identifier="1597650">YES</clin_shared:radiation_therapy>
                <clin_shared:postoperative_rx_tx preferred_name="pharmaceutical_tx_adjuvant" display_order="40" cde="3397567" cde_ver="1.000" xsd_ver="2.5" tier="2" owner="TSS" procurement_status="Completed" restricted="false">YES</clin_shared:postoperative_rx_tx>
                <clin_shared:primary_therapy_outcome_success preferred_name="treatment_outcome_first_course" display_order="41" cde="2786727" cde_ver="3.000" xsd_ver="2.5" tier="2" owner="TSS" procurement_status="Not Available" restricted="false"/>
                <clin_shared:followup_treatment_success preferred_name="treatment_outcome_at_tcga_followup" display_order="52" cde="3104050" cde_ver="2.000" xsd_ver="2.5" tier="2" owner="TSS" procurement_status="Not Available" restricted="false"/>
                <clin_shared:vital_status preferred_name="vital_status" display_order="23" cde="5" cde_ver="5.000" xsd_ver="2.6" tier="2" owner="TSS" procurement_status="Completed" restricted="false" source_system_identifier="1597669">Dead</clin_shared:vital_status>
                <clin_shared:days_to_last_followup precision="day" xsd_ver="1.12" tier="1" cde="3008273" owner="TSS" procurement_status="Completed" preferred_name="last_contact_days_to" display_order="27" cde_ver="1.000">1439</clin_shared:days_to_last_followup>
                <clin_shared:days_to_death precision="day" xsd_ver="1.12" tier="1" cde="3165475" owner="TSS" procurement_status="Completed" preferred_name="death_days_to" display_order="31" cde_ver="1.000">1448</clin_shared:days_to_death>
                <clin_shared:person_neoplasm_cancer_status preferred_name="tumor_status" display_order="32" cde="2759550" cde_ver="1.000" xsd_ver="1.9" tier="2" owner="TSS" procurement_status="Completed" restricted="false" source_system_identifier="1597655">WITH TUMOR</clin_shared:person_neoplasm_cancer_status>
                <clin_shared:followup_case_report_form_submission_reason preferred_name="followup_reason" display_order="4" cde="3233305" cde_ver="1.000" xsd_ver="2.5" tier="2" owner="TSS" procurement_status="Not Available" restricted="false"/>
                <clin_shared:karnofsky_performance_score preferred_name="karnofsky_score" display_order="33" cde="2003853" cde_ver="4.200" xsd_ver="1.8" tier="2" owner="TSS" procurement_status="Completed" restricted="false" source_system_identifier="1597646">60</clin_shared:karnofsky_performance_score>
                <clin_shared:eastern_cancer_oncology_group preferred_name="ecog_score" display_order="34" cde="88" cde_ver="5.100" xsd_ver="1.9" tier="2" owner="TSS" procurement_status="Not Available" restricted="false" source_system_identifier="1597671"/>
                <clin_shared:performance_status_scale_timing preferred_name="performance_status_timing" display_order="35" cde="2792763" cde_ver="1.000" xsd_ver="1.9" tier="2" owner="TSS" procurement_status="Completed" restricted="false" source_system_identifier="1597674">Preoperative</clin_shared:performance_status_scale_timing>
                <gbm_nte:new_tumor_events>
                    <nte:new_tumor_event_after_initial_treatment preferred_name="new_tumor_event_dx_indicator" display_order="52" cde="3121376" cde_ver="1.000" xsd_ver="2.5" tier="1" owner="TSS" procurement_status="Not Available" restricted="false"/>
                    <gbm_nte:new_tumor_event>
                        <nte:days_to_new_tumor_event_after_initial_treatment precision="day" xsd_ver="2.2" tier="1" cde="3392464" owner="TSS" procurement_status="Completed" preferred_name="new_tumor_event_dx_days_to" display_order="56" cde_ver="1.000">797</nte:days_to_new_tumor_event_after_initial_treatment>
                        <nte:new_neoplasm_event_type preferred_name="new_tumor_event_type" display_order="9999" cde="3119721" cde_ver="1.000" xsd_ver="2.5" tier="2" owner="TSS" procurement_status="Completed" restricted="false">Progression of Disease</nte:new_neoplasm_event_type>
                        <nte:new_tumor_event_additional_surgery_procedure preferred_name="new_tumor_event_surgery" display_order="9999" cde="3427611" cde_ver="1.000" xsd_ver="2.5" tier="2" owner="TSS" procurement_status="Not Available" restricted="false"/>
                        <nte:days_to_new_tumor_event_additional_surgery_procedure precision="day" xsd_ver="2.5" tier="2" cde="3008335" owner="TSS" procurement_status="Not Available" preferred_name="new_tumor_event_surgery_days_to" display_order="9999" cde_ver="1.000"/>
                        <nte:additional_radiation_therapy preferred_name="new_tumor_event_radiation_tx" display_order="67" cde="3427615" cde_ver="1.000" xsd_ver="2.5" tier="2" owner="TSS" procurement_status="Completed" restricted="false" source_system_identifier="1597660">YES</nte:additional_radiation_therapy>
                        <nte:additional_pharmaceutical_therapy preferred_name="new_tumor_event_pharmaceutical_tx" display_order="999" cde="3427616" cde_ver="1.000" xsd_ver="2.5" tier="2" owner="TSS" procurement_status="Completed" restricted="false">YES</nte:additional_pharmaceutical_therapy>
                    </gbm_nte:new_tumor_event>
                    <gbm_nte:new_tumor_event>
                        <nte:days_to_new_tumor_event_after_initial_treatment precision="day" xsd_ver="2.2" tier="1" cde="3392464" owner="TSS" procurement_status="Not Available" preferred_name="new_tumor_event_dx_days_to" display_order="56" cde_ver="1.000"/>
                        <nte:new_neoplasm_event_type preferred_name="new_tumor_event_type" display_order="9999" cde="3119721" cde_ver="1.000" xsd_ver="2.5" tier="2" owner="TSS" procurement_status="Completed" restricted="false">Locoregional Disease</nte:new_neoplasm_event_type>
                        <nte:new_tumor_event_additional_surgery_procedure preferred_name="new_tumor_event_surgery" display_order="9999" cde="3427611" cde_ver="1.000" xsd_ver="2.5" tier="2" owner="TSS" procurement_status="Completed" restricted="false" source_system_identifier="1597662">YES</nte:new_tumor_event_additional_surgery_procedure>
                        <nte:days_to_new_tumor_event_additional_surgery_procedure precision="day" xsd_ver="2.5" tier="2" cde="3008335" owner="TSS" procurement_status="Completed" preferred_name="new_tumor_event_surgery_days_to" display_order="9999" cde_ver="1.000">812</nte:days_to_new_tumor_event_additional_surgery_procedure>
                        <nte:additional_radiation_therapy preferred_name="new_tumor_event_radiation_tx" display_order="67" cde="3427615" cde_ver="1.000" xsd_ver="2.5" tier="2" owner="TSS" procurement_status="Completed" restricted="false" source_system_identifier="1597660">YES</nte:additional_radiation_therapy>
                        <nte:additional_pharmaceutical_therapy preferred_name="new_tumor_event_pharmaceutical_tx" display_order="999" cde="3427616" cde_ver="1.000" xsd_ver="2.5" tier="2" owner="TSS" procurement_status="Completed" restricted="false">YES</nte:additional_pharmaceutical_therapy>
                    </gbm_nte:new_tumor_event>
                </gbm_nte:new_tumor_events>
                <clin_shared:day_of_form_completion preferred_name="form_completion_day" display_order="999" cde="2975716" cde_ver="1.000" xsd_ver="2.2" tier="2" owner="TSS" procurement_status="Completed" restricted="false" source_system_identifier="1597654">8</clin_shared:day_of_form_completion>
                <clin_shared:month_of_form_completion preferred_name="form_completion_month" display_order="999" cde="2975718" cde_ver="1.000" xsd_ver="2.2" tier="2" owner="TSS" procurement_status="Completed" restricted="false" source_system_identifier="1597661">12</clin_shared:month_of_form_completion>
                <clin_shared:year_of_form_completion preferred_name="form_completion_year" display_order="999" cde="2975720" cde_ver="1.000" xsd_ver="2.2" tier="2" owner="TSS" procurement_status="Completed" restricted="false" source_system_identifier="1597667">2008</clin_shared:year_of_form_completion>
            </follow_up_v1.0:follow_up>
        </gbm:follow_ups>
    </gbm:patient>
</gbm:tcga_bcr>